StreetMarker,BayId
1002E,1890
1002E,1890
1002E,1890
1002E,1890
1002E,1890
1002E,1890
1002E,1890
1002E,1890
1002E,1890
1002E,1890
1002E,1890
1002E,1890
1002E,1890
1002E,1890
1002E,1890
1002E,1890
1002E,1890
1002E,1890
1002E,1890
1002E,1890
1002E,1890
1002E,1890
1002E,1890
1002E,1890
1002E,1890
1002E,1890
1002E,1890
1002E,1890
1002E,1890
1002E,1890
1002E,1890
1002E,1890
1002E,1890
1002E,1890
1002E,1890
1002E,1890
1002E,1890
1002E,1890
1002E,1890
1002E,1890
1002E,1890
1002E,1890
1002E,1890
1002E,1890
1002E,1890
1002E,1890
1002E,1890
1002E,1890
1002E,1890
1002E,1890
1002E,1890
1002E,1890
1002E,1890
1002E,1890
1002E,1890
1002E,1890
1002E,1890
1002E,1890
1002E,1890
1002E,1890
1002E,1890
1002E,1890
1002E,1890
1002E,1890
1002E,1890
1002E,1890
1002E,1890
1002E,1890
1002E,1890
1002E,1890
1002E,1890
1002E,1890
1002E,1890
1002E,1890
1002E,1890
1002E,1890
1002E,1890
1002E,1890
1002E,1890
1002E,1890
1002E,1890
1002E,1890
1002E,1890
1002E,1890
1002E,1890
1002E,1890
1002E,1890
1002E,1890
1002E,1890
1002E,1890
1002E,1890
1002E,1890
1002E,1890
1002E,1890
1002E,1890
1002E,1890
1002E,1890
1002E,1890
1002E,1890
1002E,1890
1002E,1890
1002E,1890
1002E,1890
1002E,1890
1002E,1890
1002E,1890
1002E,1890
1002E,1890
1002E,1890
1002E,1890
1002E,1890
1002E,1890
1002E,1890
1002E,1890
1002E,1890
1002E,1890
1002E,1890
1002E,1890
1002E,1890
1002E,1890
1002E,1890
1002E,1890
1002E,1890
1002E,1890
1002E,1890
1002E,1890
1002E,1890
1002E,1890
1002E,1890
1002E,1890
1002E,1890
1002E,1890
1002E,1890
1002E,1890
1002E,1890
1002E,1890
1002E,1890
1002E,1890
1002E,1890
1002E,1890
1002E,1890
1002E,1890
1002E,1890
1002E,1890
1002E,1890
1002E,1890
1002E,1890
1002E,1890
1002E,1890
1002E,1890
1002E,1890
1002E,1890
1002E,1890
1002E,1890
1002E,1890
1002E,1890
1002E,1890
1002E,1890
1002E,1890
1002E,1890
1002E,1890
1002E,1890
1002E,1890
1002E,1890
1002E,1890
1002E,1890
1002E,1890
1002E,1890
1002E,1890
1002E,1890
1002E,1890
1002E,1890
1002E,1890
1002E,1890
1002E,1890
1002E,1890
1002E,1890
1002E,1890
1002E,1890
1002E,1890
1002E,1890
1002E,1890
1002E,1890
1002E,1890
1002E,1890
1002E,1890
1002E,1890
1002E,1890
1002E,1890
1002E,1890
1002E,1890
1002E,1890
1002E,1890
1002E,1890
1002E,1890
1002E,1890
1002E,1890
1002E,1890
1002E,1890
1002E,1890
1002E,1890
1002E,1890
1002E,1890
1002E,1890
1002E,1890
1002E,1890
1002E,1890
1002E,1890
1002E,1890
1002E,1890
1002E,1890
1002E,1890
1002E,1890
1002E,1890
1002E,1890
1002E,1890
1002E,1890
1002E,1890
1002E,1890
1002E,1890
1002E,1890
1002E,1890
1002E,1890
1002E,1890
1002E,1890
1002E,1890
1002E,1890
1002E,1890
1002E,1890
1002E,1890
1002E,1890
1002E,1890
1002E,1890
1002E,1890
1002E,1890
1002E,1890
1002E,1890
1002E,1890
1002E,1890
1002E,1890
1002E,1890
1002E,1890
1002E,1890
1002E,1890
1002E,1890
1002E,1890
1002E,1890
1002E,1890
1002E,1890
1002E,1890
1002E,1890
1002E,1890
1002E,1890
1002E,1890
1002E,1890
1002E,1890
1002E,1890
1002E,1890
1002E,1890
1002E,1890
1002E,1890
1002E,1890
1002E,1890
1002E,1890
1002E,1890
1002E,1890
1002E,1890
1002E,1890
1002E,1890
1002E,1890
1002E,1890
1002E,1890
1002E,1890
1002E,1890
1002E,1890
1002E,1890
1002E,1890
1002E,1890
1002E,1890
1002E,1890
1002E,1890
1002E,1890
1002E,1890
1002E,1890
1002E,1890
1002E,1890
1002E,1890
1002E,1890
1002E,1890
1002E,1890
1002E,1890
1002E,1890
1002E,1890
1002E,1890
1002E,1890
1002E,1890
1002E,1890
1002E,1890
1002E,1890
1002E,1890
1002E,1890
1002E,1890
1002E,1890
1002E,1890
1002E,1890
1002E,1890
1002E,1890
1002E,1890
1002E,1890
1002E,1890
1002E,1890
1002E,1890
1002E,1890
1002E,1890
1002E,1890
1002E,1890
1002E,1890
1002E,1890
1002E,1890
1002E,1890
1002E,1890
1002E,1890
1002E,1890
1002E,1890
1002E,1890
1002E,1890
1002E,1890
1002E,1890
1002E,1890
1002E,1890
1002E,1890
1002E,1890
1002E,1890
1002E,1890
1002E,1890
1002E,1890
1002E,1890
1002E,1890
1002E,1890
1002E,1890
1002E,1890
1002E,1890
1002E,1890
1002E,1890
1002E,1890
1002E,1890
1002E,1890
1002E,1890
1002E,1890
1002E,1890
1002E,1890
1002E,1890
1002E,1890
1002E,1890
1002E,1890
1002E,1890
1002E,1890
1002E,1890
1002E,1890
1002E,1890
1002E,1890
1002E,1890
1002E,1890
1002E,1890
1002E,1890
1002E,1890
1002E,1890
1002E,1890
1002E,1890
1002E,1890
1002E,1890
1002E,1890
1002E,1890
1002E,1890
1002E,1890
1002E,1890
1002E,1890
1002E,1890
1002E,1890
1002E,1890
1002E,1890
1002E,1890
1002E,1890
1002E,1890
1002E,1890
1002E,1890
1002E,1890
1002E,1890
1002E,1890
1002E,1890
1002E,1890
1002E,1890
1002E,1890
1002E,1890
1002E,1890
1002E,1890
1002E,1890
1002E,1890
1002E,1890
1002E,1890
1002E,1890
1002E,1890
1002E,1890
1002E,1890
1002E,1890
1002E,1890
1002E,1890
1002E,1890
1002E,1890
1002E,1890
1002E,1890
1002E,1890
1002E,1890
1002E,1890
1002E,1890
1002E,1890
1002E,1890
1002E,1890
1002E,1890
1002E,1890
1002E,1890
1002E,1890
1002E,1890
1002E,1890
1002E,1890
1002E,1890
1002E,1890
1002E,1890
1002E,1890
1002E,1890
1002E,1890
1002E,1890
1002E,1890
1002E,1890
1002E,1890
1002E,1890
1002E,1890
1002E,1890
1002E,1890
1002E,1890
1002E,1890
1002E,1890
1002E,1890
1002E,1890
1002E,1890
1002E,1890
1002E,1890
1002E,1890
1002E,1890
1002E,1890
1002E,1890
1002E,1890
1002E,1890
1002E,1890
1002E,1890
1002E,1890
1002E,1890
1002E,1890
1002E,1890
1002E,1890
1002E,1890
1002E,1890
1002E,1890
1002E,1890
1002E,1890
1002E,1890
1002E,1890
1002E,1890
1002E,1890
1002E,1890
1002E,1890
1002E,1890
1002E,1890
1002E,1890
1002E,1890
1002E,1890
1002E,1890
1002E,1890
1002E,1890
1002E,1890
1002E,1890
1002E,1890
1002E,1890
1002E,1890
1002E,1890
1002E,1890
1002E,1890
1002E,1890
1002E,1890
1002E,1890
1002E,1890
1002E,1890
1002E,1890
1002E,1890
1002E,1890
1002E,1890
1002E,1890
1002E,1890
1002E,1890
1002E,1890
1002E,1890
1002E,1890
1002E,1890
1002E,1890
1002E,1890
1002E,1890
1002E,1890
1002E,1890
1002E,1890
1002E,1890
1002E,1890
1002E,1890
1002E,1890
1002E,1890
1002E,1890
1002E,1890
1002E,1890
1002E,1890
1002E,1890
1002E,1890
1002E,1890
1002E,1890
1002E,1890
1002E,1890
1002E,1890
1002E,1890
1002E,1890
1002E,1890
1002E,1890
1002E,1890
1002E,1890
1002E,1890
1002E,1890
1002E,1890
1002E,1890
1002E,1890
1002E,1890
1002E,1890
1002E,1890
1002E,1890
1002E,1890
1002E,1890
1002E,1890
1002E,1890
1002E,1890
1002E,1890
1002E,1890
1002E,1890
1002E,1890
1002E,1890
1002E,1890
1002E,1890
1002E,1890
1002E,1890
1002E,1890
1002E,1890
1002E,1890
1002E,1890
1002E,1890
1002E,1890
1002E,1890
1002E,1890
1002E,1890
1002E,1890
1002E,1890
1002E,1890
1002E,1890
1002E,1890
1002E,1890
1002E,1890
1002E,1890
1002E,1890
1002E,1890
1002E,1890
1002E,1890
1002E,1890
1002E,1890
1002E,1890
1002E,1890
1002E,1890
1002E,1890
1002E,1890
1002E,1890
1002E,1890
1002E,1890
1002E,1890
1002E,1890
1002E,1890
1002E,1890
1002E,1890
1002E,1890
1002E,1890
1002E,1890
1002E,1890
1002E,1890
1002E,1890
1002E,1890
1002E,1890
1002E,1890
1002E,1890
1002E,1890
1002E,1890
1002E,1890
1002E,1890
1002E,1890
1002E,1890
1002E,1890
1002E,1890
1002E,1890
1002E,1890
1002E,1890
1002E,1890
1002E,1890
1002E,1890
1002E,1890
1002E,1890
1002E,1890
1002E,1890
1002E,1890
1002E,1890
1002E,1890
1002E,1890
1002E,1890
1002E,1890
1002E,1890
1002E,1890
1002E,1890
1002E,1890
1002E,1890
1002E,1890
1002E,1890
1002E,1890
1002E,1890
1002E,1890
1002E,1890
1002E,1890
1002E,1890
1002E,1890
1002E,1890
1002E,1890
1002E,1890
1002E,1890
1002E,1890
1002E,1890
1002E,1890
1002E,1890
1002E,1890
1002E,1890
1002E,1890
1002E,1890
1002E,1890
1002E,1890
1002E,1890
1002E,1890
1002E,1890
1002E,1890
1002E,1890
1002E,1890
1002E,1890
1002E,1890
1002E,1890
1002E,1890
1002E,1890
1002E,1890
1002E,1890
1002E,1890
1002E,1890
1002E,1890
1002E,1890
1002E,1890
1002E,1890
1002E,1890
1002E,1890
1002E,1890
1002E,1890
1002E,1890
1002E,1890
1002E,1890
1002E,1890
1002E,1890
1002E,1890
1002E,1890
1002E,1890
1002E,1890
1002E,1890
1002E,1890
1002E,1890
1002E,1890
1002E,1890
1002E,1890
1002E,1890
1002E,1890
1002E,1890
1002E,1890
1002E,1890
1002E,1890
1002E,1890
1002E,1890
1002E,1890
1002E,1890
1002E,1890
1002E,1890
1002E,1890
1002E,1890
1002E,1890
1002E,1890
1002E,1890
1002E,1890
1002E,1890
1002E,1890
1002E,1890
1002E,1890
1002E,1890
1002E,1890
1002E,1890
1002E,1890
1002E,1890
1002E,1890
1002E,1890
1002E,1890
1002E,1890
1002E,1890
1002E,1890
1002E,1890
1002E,1890
1002E,1890
1002E,1890
1002E,1890
1002E,1890
1002E,1890
1002E,1890
1002E,1890
1002E,1890
1002E,1890
1002E,1890
1002E,1890
1002E,1890
1002E,1890
1002E,1890
1002E,1890
1002E,1890
1002E,1890
1002E,1890
1002E,1890
1002E,1890
1002E,1890
1002E,1890
1002E,1890
1002E,1890
1002E,1890
1002E,1890
1002E,1890
1002E,1890
1002E,1890
1002E,1890
1002E,1890
1002E,1890
1002E,1890
1002E,1890
1002E,1890
1002E,1890
1002E,1890
1002E,1890
1002E,1890
1002E,1890
1002E,1890
1002E,1890
1002E,1890
1002E,1890
1002E,1890
1002E,1890
1002E,1890
1002E,1890
1002E,1890
1002E,1890
1002E,1890
1002E,1890
1002E,1890
1002E,1890
1002E,1890
1002E,1890
1002E,1890
1002E,1890
1002E,1890
1002E,1890
1002E,1890
1002E,1890
1002E,1890
1002E,1890
1002E,1890
1002E,1890
1002E,1890
1002E,1890
1002E,1890
1002E,1890
1002E,1890
1002E,1890
1002E,1890
1002E,1890
1002E,1890
1002E,1890
1002E,1890
1002E,1890
1002E,1890
1002E,1890
1002E,1890
1002E,1890
1002E,1890
1002E,1890
1002E,1890
1002E,1890
1002E,1890
1002E,1890
1002E,1890
1002E,1890
1002E,1890
1002E,1890
1002E,1890
1002E,1890
1002E,1890
1002E,1890
1002E,1890
1002E,1890
1002E,1890
1002E,1890
1002E,1890
1002E,1890
1002E,1890
1002E,1890
1002E,1890
1002E,1890
1002E,1890
1002E,1890
1002E,1890
1002E,1890
1002E,1890
1002E,1890
1002E,1890
1002E,1890
1002E,1890
1002E,1890
1002E,1890
1002E,1890
1002E,1890
1002E,1890
1002E,1890
1002E,1890
1002E,1890
1002E,1890
1002E,1890
1002E,1890
1002E,1890
1002E,1890
1002E,1890
1002E,1890
1002E,1890
1002E,1890
1002E,1890
1002E,1890
1002E,1890
1002E,1890
1002E,1890
1002E,1890
1002E,1890
1002E,1890
1002E,1890
1002E,1890
1002E,1890
1002E,1890
1002E,1890
1002E,1890
1002E,1890
1002E,1890
1002E,1890
1002E,1890
1002E,1890
1002E,1890
1002E,1890
1002E,1890
1002E,1890
1002E,1890
1002E,1890
1002E,1890
1002E,1890
1002E,1890
1002E,1890
1002E,1890
1002E,1890
1002E,1890
1002E,1890
1002E,1890
1002E,1890
1002E,1890
1002E,1890
1002E,1890
1002E,1890
1002E,1890
1002E,1890
1002E,1890
1002E,1890
1002E,1890
1002E,1890
1002E,1890
1002E,1890
1002E,1890
1002E,1890
1002E,1890
1002E,1890
1002E,1890
1002E,1890
1002E,1890
1002E,1890
1002E,1890
1002E,1890
1002E,1890
1002E,1890
1002E,1890
1002E,1890
1002E,1890
1002E,1890
1002E,1890
1002E,1890
1002E,1890
1002E,1890
1002E,1890
1002E,1890
1002E,1890
1002E,1890
1002E,1890
1002E,1890
1002E,1890
1002E,1890
1002E,1890
1002E,1890
1002E,1890
1002E,1890
1002E,1890
1002E,1890
1002E,1890
1002E,1890
1002E,1890
1002E,1890
1002E,1890
1002E,1890
1002E,1890
1002E,1890
1002E,1890
1002E,1890
1002E,1890
1002E,1890
1002E,1890
1002E,1890
1002E,1890
1002E,1890
1002E,1890
1002E,1890
1002E,1890
1002E,1890
1002E,1890
1002E,1890
1002E,1890
1002E,1890
1002E,1890
1002E,1890
1002E,1890
1002E,1890
1002E,1890
1002E,1890
1002E,1890
1002E,1890
1002E,1890
1002E,1890
1002E,1890
1002E,1890
1002E,1890
1002E,1890
1002E,1890
1002E,1890
1002E,1890
1002E,1890
1002E,1890
1002E,1890
1002E,1890
1002E,1890
1002E,1890
1002E,1890
1002E,1890
1002E,1890
1002E,1890
1002E,1890
1002E,1890
1002E,1890
1002E,1890
1002E,1890
1002E,1890
1002E,1890
1002E,1890
1002E,1890
1002E,1890
1002E,1890
1002E,1890
1002E,1890
1002E,1890
1002E,1890
1002E,1890
1002E,1890
1002E,1890
1002E,1890
1002E,1890
1002E,1890
1002E,1890
1002E,1890
1002E,1890
1002E,1890
1002E,1890
1002E,1890
1002E,1890
1002E,1890
1002E,1890
1002E,1890
1002E,1890
1002E,1890
1002E,1890
1002E,1890
1002E,1890
1002E,1890
1002E,1890
1002E,1890
1002E,1890
1002E,1890
1002E,1890
1002E,1890
1002E,1890
1002E,1890
1002E,1890
1002E,1890
1002E,1890
1002E,1890
1002E,1890
1002E,1890
1002E,1890
1002E,1890
1002E,1890
1002E,1890
1002E,1890
1002E,1890
1002E,1890
1002E,1890
1002E,1890
1002E,1890
1002E,1890
1002E,1890
1002E,1890
1002E,1890
1002E,1890
1002E,1890
1002E,1890
1002E,1890
1002E,1890
1002E,1890
1002E,1890
1002E,1890
1002E,1890
1002E,1890
1002E,1890
1002E,1890
1002E,1890
1002E,1890
1002E,1890
1002E,1890
1002E,1890
1002E,1890
1002E,1890
1002E,1890
1002E,1890
1002E,1890
1002E,1890
1002E,1890
1002E,1890
1002E,1890
1002E,1890
1002E,1890
1002E,1890
1002E,1890
1002E,1890
1002E,1890
1002E,1890
1002E,1890
1002E,1890
1002E,1890
1002E,1890
1002E,1890
1002E,1890
1002E,1890
1002E,1890
1002E,1890
1002E,1890
1002E,1890
1002E,1890
1002E,1890
1002E,1890
1002E,1890
1002E,1890
1002E,1890
1002E,1890
1002E,1890
1002E,1890
1002E,1890
1002E,1890
1002E,1890
1002E,1890
1002E,1890
1002E,1890
1002E,1890
1002E,1890
1002E,1890
1002E,1890
1002E,1890
1002E,1890
1002E,1890
1002E,1890
1002E,1890
1002E,1890
1002E,1890
1002E,1890
1002E,1890
1002E,1890
1002E,1890
1002E,1890
1002E,1890
1002E,1890
1002E,1890
1002E,1890
1002E,1890
1002E,1890
1002E,1890
1002E,1890
1002E,1890
1002E,1890
1002E,1890
1002E,1890
1002E,1890
1002E,1890
1002E,1890
1002E,1890
1002E,1890
1002E,1890
1002E,1890
1002E,1890
1002E,1890
1002E,1890
1002E,1890
1002E,1890
1002E,1890
1002E,1890
1002E,1890
1002E,1890
1002E,1890
1002E,1890
1002E,1890
1002E,1890
1002E,1890
1002E,1890
1002E,1890
1002E,1890
1002E,1890
1002E,1890
1002E,1890
1002E,1890
1002E,1890
1002E,1890
1002E,1890
1002E,1890
1002E,1890
1002E,1890
1002E,1890
1002E,1890
1002E,1890
1002E,1890
1002E,1890
1002E,1890
1002E,1890
1002E,1890
1002E,1890
1002E,1890
1002E,1890
1002E,1890
1002E,1890
1002E,1890
1002E,1890
1002E,1890
1002E,1890
1002E,1890
1002E,1890
1002E,1890
1002E,1890
1002E,1890
1002E,1890
1002E,1890
1002E,1890
1002E,1890
1002E,1890
1002E,1890
1002E,1890
1002E,1890
1002E,1890
1002E,1890
1002E,1890
1002E,1890
1002E,1890
1002E,1890
1002E,1890
1002E,1890
1002E,1890
1002E,1890
1002E,1890
1002E,1890
1002E,1890
1002E,1890
1002E,1890
1002E,1890
1002E,1890
1002E,1890
1002E,1890
1002E,1890
1002E,1890
1002E,1890
1002E,1890
1002E,1890
1002E,1890
1002E,1890
1002E,1890
1002E,1890
1002E,1890
1002E,1890
1002E,1890
1002E,1890
1002E,1890
1002E,1890
1002E,1890
1002E,1890
1002E,1890
1002E,1890
1002E,1890
1002E,1890
1002E,1890
1002E,1890
1002E,1890
1002E,1890
1002E,1890
1002E,1890
1002E,1890
1002E,1890
1002E,1890
1002E,1890
1002E,1890
10044N,4551
10044N,4551
10044N,4551
10044N,4551
10044N,4551
10044N,4551
10044N,4551
10044N,4551
10044N,4551
10044N,4551
10044N,4551
10044N,4551
10044N,4551
10044N,4551
10044N,4551
10044N,4551
10044N,4551
10044N,4551
10044N,4551
10044N,4551
10044N,4551
10044N,4551
10044N,4551
10044N,4551
10044N,4551
10044N,4551
10044N,4551
10044N,4551
10044N,4551
10044N,4551
10044N,4551
10044N,4551
10044N,4551
10044N,4551
10044N,4551
10044N,4551
10044N,4551
10044N,4551
10044N,4551
10044N,4551
10044N,4551
10044N,4551
10044N,4551
10044N,4551
10044N,4551
10044N,4551
10044N,4551
10044N,4551
10044N,4551
10044N,4551
10044N,4551
10044N,4551
10044N,4551
10044N,4551
10044N,4551
10044N,4551
10044N,4551
10044N,4551
10044N,4551
10044N,4551
10044N,4551
10044N,4551
10044N,4551
10044N,4551
10044N,4551
10044N,4551
10044N,4551
10044N,4551
10044N,4551
10044N,4551
10044N,4551
10044N,4551
10044N,4551
10044N,4551
10044N,4551
10044N,4551
10044N,4551
10044N,4551
10044N,4551
10044N,4551
10044N,4551
10044N,4551
10044N,4551
10044N,4551
10044N,4551
10044N,4551
10044N,4551
10044N,4551
10044N,4551
10044N,4551
10044N,4551
10044N,4551
10044N,4551
10044N,4551
10044N,4551
10044N,4551
10044N,4551
10044N,4551
10044N,4551
10044N,4551
10044N,4551
10044N,4551
10044N,4551
10044N,4551
10044N,4551
10044N,4551
10044N,4551
10044N,4551
10044N,4551
10044N,4551
10044N,4551
10044N,4551
10044N,4551
10044N,4551
10044N,4551
10044N,4551
10044N,4551
10044N,4551
10044N,4551
10044N,4551
10044N,4551
10044N,4551
10044N,4551
10044N,4551
10044N,4551
10044N,4551
10044N,4551
10044N,4551
10044N,4551
10044N,4551
10044N,4551
10044N,4551
10044N,4551
10044N,4551
10044N,4551
10044N,4551
10044N,4551
10044N,4551
10044N,4551
10044N,4551
10044N,4551
10044N,4551
10044N,4551
10044N,4551
10044N,4551
10044N,4551
10044N,4551
10044N,4551
10044N,4551
10044N,4551
10044N,4551
10044N,4551
10044N,4551
10044N,4551
10044N,4551
10044N,4551
10044N,4551
10044N,4551
10044N,4551
10044N,4551
10044N,4551
10044N,4551
10044N,4551
10044N,4551
10044N,4551
10044N,4551
10044N,4551
10044N,4551
10044N,4551
10044N,4551
10044N,4551
10044N,4551
10044N,4551
10044N,4551
10044N,4551
10044N,4551
10044N,4551
10044N,4551
10044N,4551
10044N,4551
10044N,4551
10044N,4551
10044N,4551
10044N,4551
10044N,4551
10044N,4551
10044N,4551
10044N,4551
10044N,4551
10044N,4551
10044N,4551
10044N,4551
10044N,4551
10044N,4551
10044N,4551
10044N,4551
10044N,4551
10044N,4551
10044N,4551
10044N,4551
10044N,4551
10044N,4551
10044N,4551
10044N,4551
10044N,4551
10044N,4551
10044N,4551
10044N,4551
10044N,4551
10044N,4551
10044N,4551
10044N,4551
10044N,4551
10044N,4551
10044N,4551
10044N,4551
10044N,4551
10044N,4551
10044N,4551
10044N,4551
10044N,4551
10044N,4551
10044N,4551
10044N,4551
10044N,4551
10044N,4551
10044N,4551
10044N,4551
10044N,4551
10044N,4551
10044N,4551
10044N,4551
10044N,4551
10044N,4551
10044N,4551
10044N,4551
10044N,4551
10044N,4551
10044N,4551
10044N,4551
10044N,4551
10044N,4551
10044N,4551
10044N,4551
10044N,4551
10044N,4551
10044N,4551
10044N,4551
10044N,4551
10044N,4551
10044N,4551
10044N,4551
10044N,4551
10044N,4551
10044N,4551
10044N,4551
10044N,4551
10044N,4551
10044N,4551
10044N,4551
10044N,4551
10044N,4551
10044N,4551
10044N,4551
10048N,4555
10048N,4555
10048N,4555
10048N,4555
10048N,4555
10048N,4555
10048N,4555
10048N,4555
10048N,4555
10048N,4555
10048N,4555
10048N,4555
10048N,4555
10048N,4555
10048N,4555
10048N,4555
10048N,4555
10048N,4555
10048N,4555
10048N,4555
10048N,4555
10048N,4555
10048N,4555
10048N,4555
10048N,4555
10048N,4555
10048N,4555
10048N,4555
10048N,4555
10048N,4555
10048N,4555
10048N,4555
10048N,4555
10048N,4555
10048N,4555
10048N,4555
10048N,4555
10048N,4555
10048N,4555
10048N,4555
10048N,4555
10048N,4555
10048N,4555
10048N,4555
10048N,4555
10048N,4555
10048N,4555
10048N,4555
10048N,4555
10048N,4555
10048N,4555
10048N,4555
10048N,4555
10048N,4555
10048N,4555
10048N,4555
10048N,4555
10048N,4555
10048N,4555
10048N,4555
10048N,4555
10048N,4555
10048N,4555
10048N,4555
10048N,4555
10048N,4555
10048N,4555
10048N,4555
10048N,4555
10048N,4555
10048N,4555
10048N,4555
10048N,4555
10048N,4555
10048N,4555
10048N,4555
10048N,4555
10048N,4555
10048N,4555
10048N,4555
10048N,4555
10048N,4555
10048N,4555
10048N,4555
10048N,4555
10048N,4555
10048N,4555
10048N,4555
10048N,4555
10048N,4555
10048N,4555
10048N,4555
10048N,4555
10048N,4555
10048N,4555
10048N,4555
10048N,4555
10048N,4555
10048N,4555
10048N,4555
10048N,4555
10048N,4555
10048N,4555
10048N,4555
10048N,4555
10048N,4555
10048N,4555
10048N,4555
10048N,4555
10048N,4555
10048N,4555
10048N,4555
10048N,4555
10048N,4555
10048N,4555
10048N,4555
10048N,4555
10048N,4555
10048N,4555
10048N,4555
10048N,4555
10048N,4555
10048N,4555
10048N,4555
10048N,4555
10048N,4555
10048N,4555
10048N,4555
10048N,4555
10048N,4555
10048N,4555
10048N,4555
10048N,4555
10048N,4555
10048N,4555
10048N,4555
10048N,4555
10048N,4555
10048N,4555
10048N,4555
10048N,4555
10048N,4555
10048N,4555
10048N,4555
10048N,4555
10048N,4555
10048N,4555
10048N,4555
10048N,4555
10048N,4555
10048N,4555
10048N,4555
10048N,4555
10048N,4555
10048N,4555
10048N,4555
10048N,4555
10048N,4555
10048N,4555
10048N,4555
10048N,4555
10048N,4555
10048N,4555
10048N,4555
10048N,4555
10048N,4555
10048N,4555
10048N,4555
10048N,4555
10048N,4555
10048N,4555
10048N,4555
10048N,4555
10048N,4555
10048N,4555
10048N,4555
10048N,4555
10048N,4555
10048N,4555
10048N,4555
10049S,6919
10049S,6919
10049S,6919
10049S,6919
10049S,6919
10049S,6919
10049S,6919
10049S,6919
10049S,6919
10049S,6919
10049S,6919
10049S,6919
10049S,6919
10049S,6919
10049S,6919
10049S,6919
10049S,6919
10049S,6919
10049S,6919
10049S,6919
10049S,6919
10049S,6919
10049S,6919
10049S,6919
10049S,6919
10049S,6919
10049S,6919
10049S,6919
10049S,6919
10049S,6919
10049S,6919
10049S,6919
10049S,6919
10049S,6919
10049S,6919
10049S,6919
10049S,6919
10049S,6919
10049S,6919
10049S,6919
10049S,6919
10049S,6919
10049S,6919
10049S,6919
10049S,6919
10049S,6919
10049S,6919
10049S,6919
10049S,6919
10049S,6919
10049S,6919
10049S,6919
10049S,6919
10049S,6919
10049S,6919
10049S,6919
10049S,6919
10049S,6919
10049S,6919
10049S,6919
10049S,6919
10049S,6919
10049S,6919
10049S,6919
10049S,6919
10049S,6919
10049S,6919
10049S,6919
10049S,6919
10049S,6919
10049S,6919
10049S,6919
10049S,6919
10049S,6919
10049S,6919
10049S,6919
10049S,6919
10049S,6919
10049S,6919
10049S,6919
10049S,6919
10049S,6919
10049S,6919
10049S,6919
10049S,6919
10049S,6919
10049S,6919
10049S,6919
10049S,6919
10049S,6919
10049S,6919
10049S,6919
10049S,6919
10049S,6919
10049S,6919
10049S,6919
10049S,6919
10049S,6919
10049S,6919
10049S,6919
10049S,6919
10049S,6919
10049S,6919
10049S,6919
10049S,6919
10049S,6919
10049S,6919
10049S,6919
10049S,6919
10049S,6919
10049S,6919
10049S,6919
10049S,6919
10049S,6919
10049S,6919
10049S,6919
10049S,6919
10049S,6919
10049S,6919
10049S,6919
10049S,6919
10049S,6919
10049S,6919
10049S,6919
10049S,6919
10049S,6919
10049S,6919
10049S,6919
10049S,6919
10049S,6919
10049S,6919
10049S,6919
10049S,6919
10049S,6919
10049S,6919
10049S,6919
10049S,6919
10049S,6919
10049S,6919
10049S,6919
10049S,6919
10049S,6919
10049S,6919
10049S,6919
10049S,6919
10049S,6919
10049S,6919
10049S,6919
10049S,6919
10049S,6919
10049S,6919
10049S,6919
10049S,6919
10049S,6919
10049S,6919
10049S,6919
10049S,6919
10049S,6919
10049S,6919
10049S,6919
10049S,6919
10049S,6919
10049S,6919
10049S,6919
10049S,6919
10049S,6919
10049S,6919
10049S,6919
10049S,6919
10049S,6919
10049S,6919
10049S,6919
10049S,6919
10049S,6919
10049S,6919
10049S,6919
10049S,6919
10049S,6919
10049S,6919
10049S,6919
10049S,6919
10049S,6919
10049S,6919
10049S,6919
10049S,6919
10049S,6919
10049S,6919
10049S,6919
10049S,6919
10049S,6919
10049S,6919
10049S,6919
10049S,6919
10049S,6919
10049S,6919
10049S,6919
10049S,6919
10049S,6919
10049S,6919
10049S,6919
10049S,6919
10049S,6919
10049S,6919
10049S,6919
10049S,6919
10049S,6919
10049S,6919
10049S,6919
10049S,6919
10049S,6919
10049S,6919
10049S,6919
10049S,6919
10049S,6919
10049S,6919
10049S,6919
10049S,6919
10049S,6919
10049S,6919
10049S,6919
10049S,6919
10049S,6919
10049S,6919
10049S,6919
10049S,6919
10049S,6919
10049S,6919
10049S,6919
10049S,6919
10049S,6919
10049S,6919
10049S,6919
10049S,6919
10049S,6919
10049S,6919
10049S,6919
10049S,6919
10049S,6919
10049S,6919
10049S,6919
10049S,6919
10049S,6919
10049S,6919
10049S,6919
10049S,6919
10049S,6919
10049S,6919
10049S,6919
10049S,6919
10049S,6919
10049S,6919
10049S,6919
10049S,6919
10049S,6919
10049S,6919
10049S,6919
10049S,6919
10049S,6919
10049S,6919
10049S,6919
10049S,6919
10049S,6919
10049S,6919
10049S,6919
10049S,6919
10049S,6919
10049S,6919
10049S,6919
10049S,6919
10049S,6919
10049S,6919
10049S,6919
10049S,6919
10049S,6919
10049S,6919
10049S,6919
10049S,6919
10049S,6919
10049S,6919
10049S,6919
10049S,6919
10049S,6919
10049S,6919
10049S,6919
10049S,6919
10049S,6919
10049S,6919
10049S,6919
10049S,6919
10049S,6919
10049S,6919
10049S,6919
10049S,6919
10049S,6919
10049S,6919
10049S,6919
10049S,6919
10049S,6919
10049S,6919
10049S,6919
10049S,6919
10049S,6919
10049S,6919
10049S,6919
10049S,6919
10049S,6919
10049S,6919
10049S,6919
10049S,6919
10049S,6919
10049S,6919
10049S,6919
10049S,6919
10049S,6919
10049S,6919
10049S,6919
10049S,6919
10049S,6919
10049S,6919
10049S,6919
10049S,6919
10049S,6919
10049S,6919
10049S,6919
10049S,6919
10049S,6919
10049S,6919
10049S,6919
10049S,6919
10049S,6919
10049S,6919
10049S,6919
10049S,6919
10049S,6919
10049S,6919
10049S,6919
10049S,6919
10049S,6919
10049S,6919
10049S,6919
10049S,6919
10049S,6919
10049S,6919
10049S,6919
10049S,6919
10049S,6919
10049S,6919
10049S,6919
10049S,6919
10049S,6919
10049S,6919
10049S,6919
10049S,6919
10049S,6919
10049S,6919
10049S,6919
10049S,6919
10049S,6919
10049S,6919
10049S,6919
10049S,6919
10049S,6919
10049S,6919
10049S,6919
10049S,6919
10049S,6919
10049S,6919
10049S,6919
10049S,6919
10049S,6919
10049S,6919
10049S,6919
10049S,6919
10049S,6919
10049S,6919
10049S,6919
10049S,6919
10049S,6919
10049S,6919
10049S,6919
10049S,6919
10049S,6919
10049S,6919
10049S,6919
10049S,6919
10049S,6919
10049S,6919
10049S,6919
10049S,6919
10049S,6919
10049S,6919
10049S,6919
10049S,6919
10049S,6919
10049S,6919
10049S,6919
10049S,6919
10049S,6919
10049S,6919
10049S,6919
10049S,6919
10049S,6919
10049S,6919
10049S,6919
10049S,6919
10049S,6919
10049S,6919
10049S,6919
10049S,6919
10049S,6919
10049S,6919
10049S,6919
10049S,6919
10049S,6919
10049S,6919
10049S,6919
10049S,6919
10049S,6919
10049S,6919
10049S,6919
10049S,6919
10049S,6919
10049S,6919
10049S,6919
10049S,6919
10049S,6919
10049S,6919
10049S,6919
10049S,6919
10049S,6919
10049S,6919
10049S,6919
10049S,6919
10049S,6919
10049S,6919
10049S,6919
10049S,6919
10049S,6919
10049S,6919
10049S,6919
10049S,6919
10049S,6919
10049S,6919
10049S,6919
10049S,6919
10049S,6919
10049S,6919
10049S,6919
10049S,6919
10049S,6919
10049S,6919
10049S,6919
10049S,6919
10049S,6919
10049S,6919
10049S,6919
10049S,6919
10049S,6919
10049S,6919
10049S,6919
10049S,6919
10049S,6919
10049S,6919
10049S,6919
10049S,6919
10049S,6919
10049S,6919
10049S,6919
10049S,6919
10049S,6919
10049S,6919
10049S,6919
10049S,6919
10049S,6919
10049S,6919
10049S,6919
10049S,6919
10049S,6919
10049S,6919
10049S,6919
10049S,6919
10049S,6919
10049S,6919
10049S,6919
10049S,6919
10049S,6919
10049S,6919
10049S,6919
10049S,6919
10049S,6919
10049S,6919
10049S,6919
10049S,6919
10049S,6919
10049S,6919
10049S,6919
10049S,6919
10049S,6919
10049S,6919
10049S,6919
10049S,6919
10049S,6919
10049S,6919
10049S,6919
10049S,6919
10049S,6919
10049S,6919
10049S,6919
10049S,6919
10049S,6919
10049S,6919
10049S,6919
10049S,6919
10049S,6919
10049S,6919
10049S,6919
10049S,6919
10049S,6919
10049S,6919
10049S,6919
10049S,6919
10049S,6919
10049S,6919
10049S,6919
10049S,6919
10049S,6919
10049S,6919
10049S,6919
10049S,6919
10049S,6919
10049S,6919
10049S,6919
10049S,6919
10049S,6919
10049S,6919
10049S,6919
10049S,6919
10049S,6919
10049S,6919
10049S,6919
10049S,6919
10049S,6919
10049S,6919
10049S,6919
10049S,6919
10049S,6919
10049S,6919
10049S,6919
10049S,6919
10049S,6919
10049S,6919
10049S,6919
10049S,6919
10049S,6919
10049S,6919
10049S,6919
10049S,6919
10049S,6919
10049S,6919
10049S,6919
10049S,6919
10049S,6919
10049S,6919
10049S,6919
10049S,6919
10049S,6919
10049S,6919
10049S,6919
10049S,6919
10049S,6919
10049S,6919
10049S,6919
10049S,6919
10049S,6919
10049S,6919
10049S,6919
10049S,6919
10049S,6919
10049S,6919
10049S,6919
10049S,6919
10049S,6919
10049S,6919
10049S,6919
10049S,6919
10049S,6919
10049S,6919
10049S,6919
10049S,6919
10049S,6919
10049S,6919
10049S,6919
10049S,6919
10049S,6919
10049S,6919
10049S,6919
10049S,6919
10049S,6919
10049S,6919
10049S,6919
10049S,6919
10049S,6919
10049S,6919
10049S,6919
10049S,6919
10049S,6919
10049S,6919
10049S,6919
10049S,6919
10049S,6919
10049S,6919
10049S,6919
10049S,6919
10049S,6919
10049S,6919
10049S,6919
10049S,6919
10049S,6919
10049S,6919
10049S,6919
10049S,6919
10049S,6919
10049S,6919
10049S,6919
10049S,6919
10049S,6919
10049S,6919
10049S,6919
10049S,6919
10049S,6919
10049S,6919
10049S,6919
10049S,6919
10049S,6919
10049S,6919
10049S,6919
10049S,6919
10049S,6919
10049S,6919
10049S,6919
10049S,6919
10049S,6919
10049S,6919
10049S,6919
10049S,6919
10049S,6919
10049S,6919
10049S,6919
10049S,6919
10049S,6919
10049S,6919
10049S,6919
10049S,6919
10049S,6919
10049S,6919
10049S,6919
10049S,6919
10049S,6919
10049S,6919
10049S,6919
10049S,6919
10049S,6919
10049S,6919
10049S,6919
10049S,6919
10049S,6919
10049S,6919
10049S,6919
10049S,6919
10049S,6919
10049S,6919
10049S,6919
10049S,6919
10049S,6919
10049S,6919
10049S,6919
10049S,6919
10049S,6919
10049S,6919
10049S,6919
10049S,6919
10049S,6919
10049S,6919
10049S,6919
10049S,6919
10049S,6919
10049S,6919
10049S,6919
10049S,6919
10049S,6919
10049S,6919
10049S,6919
10049S,6919
10049S,6919
10049S,6919
10049S,6919
10049S,6919
10049S,6919
10049S,6919
10049S,6919
10049S,6919
10049S,6919
10049S,6919
10049S,6919
10049S,6919
10049S,6919
10049S,6919
10049S,6919
10049S,6919
10049S,6919
10049S,6919
10049S,6919
10049S,6919
10049S,6919
10049S,6919
10049S,6919
10049S,6919
10049S,6919
10049S,6919
10049S,6919
10049S,6919
10049S,6919
10049S,6919
10049S,6919
10049S,6919
10049S,6919
10049S,6919
10049S,6919
10049S,6919
10049S,6919
10049S,6919
10049S,6919
10049S,6919
10049S,6919
10049S,6919
10049S,6919
10049S,6919
10049S,6919
10049S,6919
10049S,6919
10049S,6919
10049S,6919
10049S,6919
10049S,6919
10049S,6919
10049S,6919
10049S,6919
10049S,6919
10049S,6919
10049S,6919
10049S,6919
10049S,6919
10049S,6919
10049S,6919
10049S,6919
10049S,6919
10049S,6919
10049S,6919
10049S,6919
10049S,6919
10049S,6919
10049S,6919
10049S,6919
10049S,6919
10049S,6919
10049S,6919
10049S,6919
10049S,6919
10049S,6919
10049S,6919
10049S,6919
10049S,6919
10049S,6919
10049S,6919
10049S,6919
10049S,6919
10049S,6919
10049S,6919
10049S,6919
10049S,6919
10049S,6919
10049S,6919
10049S,6919
10049S,6919
10049S,6919
10049S,6919
10049S,6919
10049S,6919
10049S,6919
10049S,6919
10049S,6919
10049S,6919
10049S,6919
10049S,6919
10049S,6919
10049S,6919
10049S,6919
10049S,6919
10049S,6919
10049S,6919
10049S,6919
10049S,6919
10049S,6919
10049S,6919
10049S,6919
10049S,6919
10049S,6919
10049S,6919
10049S,6919
10049S,6919
10049S,6919
10049S,6919
10049S,6919
10049S,6919
10049S,6919
10049S,6919
10049S,6919
10049S,6919
10049S,6919
10049S,6919
10049S,6919
10049S,6919
10049S,6919
10049S,6919
10049S,6919
10049S,6919
10049S,6919
10049S,6919
10049S,6919
10049S,6919
10049S,6919
10049S,6919
10049S,6919
10049S,6919
10049S,6919
10049S,6919
10049S,6919
10049S,6919
10049S,6919
10049S,6919
10049S,6919
10049S,6919
10049S,6919
10049S,6919
10049S,6919
10049S,6919
10049S,6919
10049S,6919
10049S,6919
10049S,6919
10049S,6919
10049S,6919
10049S,6919
10049S,6919
10049S,6919
10049S,6919
10049S,6919
10049S,6919
10049S,6919
10049S,6919
10049S,6919
10049S,6919
10049S,6919
10049S,6919
10049S,6919
10049S,6919
10049S,6919
10049S,6919
10049S,6919
10049S,6919
10049S,6919
10049S,6919
10049S,6919
10049S,6919
10049S,6919
10049S,6919
10049S,6919
10049S,6919
10049S,6919
10049S,6919
10049S,6919
10049S,6919
10049S,6919
10049S,6919
10049S,6919
10049S,6919
10049S,6919
10049S,6919
10049S,6919
10049S,6919
10049S,6919
10049S,6919
10049S,6919
10049S,6919
10049S,6919
10049S,6919
10049S,6919
10049S,6919
10049S,6919
10049S,6919
10049S,6919
10049S,6919
10049S,6919
10049S,6919
10049S,6919
10049S,6919
10049S,6919
10049S,6919
10049S,6919
10049S,6919
10049S,6919
10049S,6919
10049S,6919
10049S,6919
10049S,6919
10049S,6919
10049S,6919
10049S,6919
10049S,6919
10049S,6919
10049S,6919
10049S,6919
10049S,6919
10049S,6919
10049S,6919
10049S,6919
10049S,6919
10049S,6919
10049S,6919
10049S,6919
10049S,6919
10049S,6919
10049S,6919
10049S,6919
10049S,6919
10049S,6919
10049S,6919
10049S,6919
10049S,6919
10049S,6919
10049S,6919
10049S,6919
10049S,6919
10049S,6919
10049S,6919
10049S,6919
10049S,6919
10049S,6919
10049S,6919
10049S,6919
10049S,6919
10049S,6919
10049S,6919
10049S,6919
10049S,6919
10049S,6919
10049S,6919
10049S,6919
10049S,6919
10049S,6919
10049S,6919
10049S,6919
10049S,6919
10049S,6919
10049S,6919
10049S,6919
10049S,6919
10049S,6919
10049S,6919
10049S,6919
10049S,6919
10049S,6919
10049S,6919
10049S,6919
10049S,6919
10049S,6919
10049S,6919
10049S,6919
10049S,6919
10049S,6919
10049S,6919
10049S,6919
10049S,6919
10049S,6919
10049S,6919
10049S,6919
10049S,6919
10049S,6919
10049S,6919
10049S,6919
10049S,6919
10049S,6919
10049S,6919
10049S,6919
10049S,6919
10049S,6919
10049S,6919
10049S,6919
10049S,6919
10049S,6919
10049S,6919
10049S,6919
10049S,6919
10049S,6919
10049S,6919
10049S,6919
10049S,6919
10049S,6919
10049S,6919
10049S,6919
10049S,6919
10049S,6919
10049S,6919
10049S,6919
10049S,6919
10049S,6919
10049S,6919
10049S,6919
10049S,6919
10049S,6919
10049S,6919
10049S,6919
10049S,6919
10049S,6919
10049S,6919
10049S,6919
10049S,6919
10049S,6919
10049S,6919
10049S,6919
10049S,6919
10049S,6919
10049S,6919
10049S,6919
10049S,6919
10049S,6919
10049S,6919
10049S,6919
10049S,6919
10049S,6919
10049S,6919
10049S,6919
10049S,6919
10049S,6919
10049S,6919
10049S,6919
10049S,6919
10049S,6919
10049S,6919
10049S,6919
10049S,6919
10049S,6919
10049S,6919
10049S,6919
10049S,6919
10049S,6919
10049S,6919
10049S,6919
10049S,6919
10049S,6919
10049S,6919
10049S,6919
10049S,6919
10049S,6919
10049S,6919
10049S,6919
10049S,6919
10049S,6919
10049S,6919
10049S,6919
10049S,6919
10049S,6919
10049S,6919
10049S,6919
10049S,6919
10049S,6919
10049S,6919
10049S,6919
10049S,6919
10049S,6919
10049S,6919
10049S,6919
10049S,6919
10049S,6919
10049S,6919
10049S,6919
10049S,6919
10049S,6919
10049S,6919
10049S,6919
10049S,6919
10049S,6919
10049S,6919
10049S,6919
10049S,6919
10049S,6919
10049S,6919
10049S,6919
10049S,6919
10049S,6919
10049S,6919
10049S,6919
10049S,6919
10049S,6919
10049S,6919
10049S,6919
10049S,6919
10049S,6919
10049S,6919
10049S,6919
10049S,6919
10049S,6919
10049S,6919
10049S,6919
10049S,6919
10049S,6919
10049S,6919
10049S,6919
10049S,6919
10049S,6919
10049S,6919
10049S,6919
10049S,6919
10049S,6919
10049S,6919
10049S,6919
10049S,6919
10049S,6919
10049S,6919
10049S,6919
10049S,6919
10049S,6919
10049S,6919
10049S,6919
10049S,6919
10049S,6919
10049S,6919
10049S,6919
10049S,6919
10049S,6919
10049S,6919
10049S,6919
10049S,6919
10049S,6919
10049S,6919
10049S,6919
10049S,6919
10049S,6919
10049S,6919
10049S,6919
10049S,6919
10049S,6919
10049S,6919
10049S,6919
10049S,6919
10049S,6919
10049S,6919
10049S,6919
10049S,6919
10049S,6919
10049S,6919
10049S,6919
10049S,6919
10049S,6919
10049S,6919
10049S,6919
10049S,6919
10049S,6919
10049S,6919
10049S,6919
10049S,6919
10049S,6919
10049S,6919
10049S,6919
10049S,6919
10049S,6919
10049S,6919
10049S,6919
10049S,6919
10049S,6919
10049S,6919
10049S,6919
10049S,6919
10049S,6919
10049S,6919
10049S,6919
10049S,6919
10049S,6919
10049S,6919
10049S,6919
10049S,6919
10049S,6919
10049S,6919
10049S,6919
10049S,6919
10049S,6919
10049S,6919
10049S,6919
10049S,6919
10049S,6919
10049S,6919
10049S,6919
10049S,6919
10049S,6919
10049S,6919
10049S,6919
10049S,6919
10049S,6919
10049S,6919
10049S,6919
10049S,6919
10049S,6919
10049S,6919
10049S,6919
10049S,6919
10049S,6919
10049S,6919
10049S,6919
10049S,6919
10049S,6919
10049S,6919
10049S,6919
10049S,6919
10049S,6919
10049S,6919
10049S,6919
10049S,6919
10049S,6919
10049S,6919
10049S,6919
10049S,6919
10049S,6919
10049S,6919
10049S,6919
10049S,6919
10049S,6919
10049S,6919
10049S,6919
10049S,6919
10049S,6919
10049S,6919
10049S,6919
10049S,6919
10049S,6919
10049S,6919
10049S,6919
10049S,6919
10049S,6919
10049S,6919
10049S,6919
10049S,6919
10049S,6919
10049S,6919
10049S,6919
10049S,6919
10049S,6919
10049S,6919
10049S,6919
10049S,6919
10049S,6919
10049S,6919
10049S,6919
10049S,6919
10049S,6919
10049S,6919
10049S,6919
10049S,6919
10049S,6919
10049S,6919
10049S,6919
10049S,6919
10049S,6919
10049S,6919
10049S,6919
10049S,6919
10049S,6919
10049S,6919
10049S,6919
10049S,6919
10049S,6919
10049S,6919
10049S,6919
10049S,6919
10049S,6919
10049S,6919
10049S,6919
10049S,6919
10049S,6919
10049S,6919
10049S,6919
10049S,6919
10049S,6919
10049S,6919
10049S,6919
10049S,6919
10049S,6919
10049S,6919
10049S,6919
10049S,6919
10049S,6919
10049S,6919
10049S,6919
10049S,6919
10049S,6919
10049S,6919
10049S,6919
10049S,6919
10049S,6919
10049S,6919
10049S,6919
10049S,6919
10049S,6919
10049S,6919
10049S,6919
10049S,6919
10049S,6919
10049S,6919
10049S,6919
10049S,6919
10049S,6919
10049S,6919
10049S,6919
10049S,6919
10049S,6919
10049S,6919
10049S,6919
10049S,6919
10049S,6919
10049S,6919
10049S,6919
10049S,6919
10049S,6919
10049S,6919
10049S,6919
10049S,6919
10049S,6919
10049S,6919
10049S,6919
10049S,6919
10049S,6919
10049S,6919
10049S,6919
10049S,6919
10049S,6919
10049S,6919
10049S,6919
10049S,6919
10049S,6919
10049S,6919
10049S,6919
10049S,6919
10049S,6919
10049S,6919
10049S,6919
10049S,6919
10049S,6919
10049S,6919
10049S,6919
10049S,6919
10049S,6919
10049S,6919
10049S,6919
10049S,6919
10049S,6919
10049S,6919
10049S,6919
10049S,6919
10049S,6919
10049S,6919
10049S,6919
10049S,6919
10049S,6919
10049S,6919
10049S,6919
10049S,6919
10049S,6919
10049S,6919
10049S,6919
10049S,6919
10049S,6919
10049S,6919
10049S,6919
10049S,6919
10049S,6919
10049S,6919
10049S,6919
10049S,6919
10049S,6919
10049S,6919
10049S,6919
10049S,6919
10049S,6919
10049S,6919
10049S,6919
10049S,6919
10049S,6919
10049S,6919
10049S,6919
10049S,6919
10049S,6919
10049S,6919
10049S,6919
10049S,6919
10049S,6919
10049S,6919
10049S,6919
10049S,6919
10049S,6919
10049S,6919
10049S,6919
10049S,6919
10049S,6919
10049S,6919
10049S,6919
10049S,6919
10049S,6919
10049S,6919
10049S,6919
10049S,6919
10049S,6919
10049S,6919
10049S,6919
10049S,6919
10049S,6919
10049S,6919
10049S,6919
10049S,6919
10049S,6919
10049S,6919
10049S,6919
10049S,6919
10049S,6919
10049S,6919
10049S,6919
10049S,6919
10049S,6919
10049S,6919
10049S,6919
10049S,6919
10049S,6919
10049S,6919
10049S,6919
10049S,6919
10049S,6919
10049S,6919
10049S,6919
10049S,6919
10049S,6919
10049S,6919
10049S,6919
10049S,6919
10049S,6919
10049S,6919
10049S,6919
10049S,6919
10049S,6919
10049S,6919
10049S,6919
10049S,6919
10049S,6919
10049S,6919
10049S,6919
10049S,6919
10049S,6919
10049S,6919
10049S,6919
10049S,6919
10049S,6919
10049S,6919
10049S,6919
10049S,6919
10049S,6919
10049S,6919
10049S,6919
10049S,6919
10049S,6919
10049S,6919
10049S,6919
10049S,6919
10049S,6919
10049S,6919
10049S,6919
10049S,6919
10049S,6919
10049S,6919
10049S,6919
10049S,6919
10049S,6919
10049S,6919
10049S,6919
10049S,6919
10049S,6919
10049S,6919
10049S,6919
10049S,6919
10049S,6919
10049S,6919
10049S,6919
10049S,6919
10049S,6919
10049S,6919
10049S,6919
10049S,6919
10049S,6919
10049S,6919
10049S,6919
10049S,6919
10049S,6919
10049S,6919
10049S,6919
10049S,6919
10049S,6919
10049S,6919
10049S,6919
10049S,6919
10049S,6919
10049S,6919
10049S,6919
10049S,6919
10049S,6919
10049S,6919
10049S,6919
10049S,6919
10049S,6919
10049S,6919
10049S,6919
10049S,6919
10049S,6919
10049S,6919
10049S,6919
10049S,6919
10049S,6919
10049S,6919
10049S,6919
10049S,6919
10049S,6919
10049S,6919
10049S,6919
10049S,6919
10049S,6919
10049S,6919
10049S,6919
10049S,6919
10049S,6919
10049S,6919
10049S,6919
10049S,6919
10049S,6919
10049S,6919
10049S,6919
10049S,6919
10049S,6919
10049S,6919
10049S,6919
10049S,6919
10049S,6919
10049S,6919
10049S,6919
10049S,6919
10049S,6919
10049S,6919
10049S,6919
10049S,6919
10049S,6919
10049S,6919
10049S,6919
10049S,6919
10049S,6919
10049S,6919
10049S,6919
10049S,6919
10049S,6919
10049S,6919
10049S,6919
10049S,6919
10049S,6919
10049S,6919
10049S,6919
10049S,6919
10049S,6919
10049S,6919
10049S,6919
10049S,6919
10049S,6919
10049S,6919
10049S,6919
10049S,6919
10049S,6919
10049S,6919
10049S,6919
10049S,6919
10049S,6919
10049S,6919
10049S,6919
10049S,6919
10049S,6919
10049S,6919
10049S,6919
10049S,6919
10049S,6919
10049S,6919
10049S,6919
10049S,6919
10049S,6919
10049S,6919
10049S,6919
10049S,6919
10049S,6919
10049S,6919
10049S,6919
10049S,6919
10049S,6919
10049S,6919
10049S,6919
10049S,6919
10049S,6919
10049S,6919
10049S,6919
10049S,6919
10049S,6919
10049S,6919
10049S,6919
10049S,6919
10049S,6919
10049S,6919
10049S,6919
10049S,6919
10049S,6919
10049S,6919
10049S,6919
10049S,6919
10049S,6919
10049S,6919
10049S,6919
10049S,6919
10049S,6919
10049S,6919
10049S,6919
10049S,6919
10049S,6919
10049S,6919
10049S,6919
10049S,6919
10049S,6919
10049S,6919
10049S,6919
10049S,6919
10049S,6919
10049S,6919
10049S,6919
10049S,6919
10049S,6919
10049S,6919
10049S,6919
10049S,6919
10049S,6919
10049S,6919
10049S,6919
10049S,6919
10049S,6919
10049S,6919
10049S,6919
10049S,6919
10049S,6919
10049S,6919
10049S,6919
10049S,6919
10049S,6919
10049S,6919
10049S,6919
10049S,6919
10049S,6919
10049S,6919
10049S,6919
10049S,6919
10049S,6919
10049S,6919
10049S,6919
10049S,6919
10049S,6919
10049S,6919
10049S,6919
10049S,6919
10049S,6919
10049S,6919
10049S,6919
10049S,6919
10049S,6919
10049S,6919
10049S,6919
10049S,6919
10049S,6919
10049S,6919
10049S,6919
10049S,6919
10049S,6919
10049S,6919
10049S,6919
10049S,6919
10049S,6919
10049S,6919
10049S,6919
10049S,6919
10049S,6919
10049S,6919
10049S,6919
10049S,6919
10049S,6919
10049S,6919
10049S,6919
10049S,6919
10049S,6919
10049S,6919
10049S,6919
10049S,6919
10049S,6919
10049S,6919
10049S,6919
10049S,6919
10049S,6919
10049S,6919
10049S,6919
10049S,6919
10049S,6919
10049S,6919
10049S,6919
10049S,6919
10049S,6919
10049S,6919
10049S,6919
10049S,6919
10049S,6919
10049S,6919
10049S,6919
10049S,6919
10049S,6919
10049S,6919
10049S,6919
10049S,6919
10049S,6919
10049S,6919
10049S,6919
10049S,6919
10049S,6919
10049S,6919
10049S,6919
10049S,6919
10049S,6919
10049S,6919
10049S,6919
10049S,6919
10049S,6919
10049S,6919
10049S,6919
10049S,6919
10049S,6919
10049S,6919
10049S,6919
10049S,6919
10049S,6919
10049S,6919
10049S,6919
10049S,6919
10049S,6919
10049S,6919
10049S,6919
10049S,6919
10049S,6919
10049S,6919
10049S,6919
10049S,6919
10049S,6919
10049S,6919
10049S,6919
10049S,6919
10049S,6919
10049S,6919
10049S,6919
10049S,6919
10049S,6919
10049S,6919
10049S,6919
10049S,6919
10049S,6919
10049S,6919
10049S,6919
10049S,6919
10049S,6919
10049S,6919
10049S,6919
10049S,6919
10049S,6919
10049S,6919
10049S,6919
10049S,6919
10049S,6919
10049S,6919
10049S,6919
10049S,6919
10049S,6919
10049S,6919
10049S,6919
10049S,6919
10049S,6919
10049S,6919
10049S,6919
10049S,6919
10049S,6919
10049S,6919
10049S,6919
10049S,6919
10049S,6919
10049S,6919
10049S,6919
10049S,6919
10049S,6919
10049S,6919
10049S,6919
10049S,6919
10049S,6919
10049S,6919
10049S,6919
10049S,6919
10049S,6919
10049S,6919
10049S,6919
10049S,6919
10049S,6919
10049S,6919
10049S,6919
10049S,6919
10049S,6919
10049S,6919
10049S,6919
10049S,6919
10049S,6919
10049S,6919
10049S,6919
10049S,6919
10049S,6919
10049S,6919
10049S,6919
10049S,6919
10049S,6919
10049S,6919
10049S,6919
10049S,6919
10049S,6919
10049S,6919
10049S,6919
10049S,6919
10049S,6919
10049S,6919
10049S,6919
10049S,6919
10049S,6919
10049S,6919
10049S,6919
10049S,6919
10049S,6919
10049S,6919
10049S,6919
10049S,6919
10049S,6919
10049S,6919
10049S,6919
10049S,6919
10049S,6919
10049S,6919
10049S,6919
10049S,6919
10049S,6919
10049S,6919
10049S,6919
10049S,6919
10049S,6919
10049S,6919
10049S,6919
10049S,6919
10049S,6919
10049S,6919
10049S,6919
10049S,6919
10049S,6919
10049S,6919
10049S,6919
10049S,6919
10049S,6919
10049S,6919
10049S,6919
10049S,6919
10049S,6919
10049S,6919
10049S,6919
10049S,6919
10049S,6919
10049S,6919
10049S,6919
10049S,6919
10049S,6919
10049S,6919
10049S,6919
10049S,6919
10049S,6919
10049S,6919
10049S,6919
10049S,6919
10049S,6919
10049S,6919
10049S,6919
10049S,6919
10049S,6919
10049S,6919
10049S,6919
10049S,6919
10049S,6919
10049S,6919
10049S,6919
10049S,6919
10049S,6919
10049S,6919
10049S,6919
10049S,6919
10049S,6919
10049S,6919
10049S,6919
10049S,6919
10049S,6919
10049S,6919
10049S,6919
10049S,6919
10049S,6919
10049S,6919
10049S,6919
10049S,6919
10049S,6919
10049S,6919
10049S,6919
10049S,6919
10049S,6919
10049S,6919
10049S,6919
10049S,6919
10049S,6919
10049S,6919
10049S,6919
10049S,6919
10049S,6919
10049S,6919
10049S,6919
10049S,6919
10049S,6919
10049S,6919
10049S,6919
10049S,6919
10049S,6919
10049S,6919
10049S,6919
10049S,6919
10049S,6919
10049S,6919
10049S,6919
10049S,6919
10049S,6919
10049S,6919
10049S,6919
10049S,6919
10049S,6919
10049S,6919
10049S,6919
10049S,6919
10049S,6919
10049S,6919
10049S,6919
10049S,6919
10049S,6919
10049S,6919
10049S,6919
10049S,6919
10049S,6919
10049S,6919
10049S,6919
10049S,6919
10049S,6919
10049S,6919
10049S,6919
10049S,6919
10049S,6919
10049S,6919
10049S,6919
10049S,6919
10049S,6919
10049S,6919
10049S,6919
10049S,6919
10049S,6919
10049S,6919
10049S,6919
10049S,6919
10049S,6919
10049S,6919
10049S,6919
10049S,6919
10049S,6919
10049S,6919
10049S,6919
10049S,6919
10049S,6919
10049S,6919
10049S,6919
10049S,6919
10049S,6919
10049S,6919
10049S,6919
10049S,6919
10049S,6919
10049S,6919
10049S,6919
10049S,6919
10049S,6919
10049S,6919
10049S,6919
10049S,6919
10049S,6919
10049S,6919
10049S,6919
10049S,6919
10049S,6919
10049S,6919
10049S,6919
10049S,6919
10049S,6919
10049S,6919
10049S,6919
10049S,6919
10049S,6919
10049S,6919
10049S,6919
10049S,6919
10049S,6919
10049S,6919
10049S,6919
10049S,6919
10049S,6919
10049S,6919
10049S,6919
10049S,6919
10049S,6919
10049S,6919
10049S,6919
10049S,6919
10049S,6919
10049S,6919
10049S,6919
10049S,6919
10049S,6919
10049S,6919
10049S,6919
10049S,6919
10049S,6919
10049S,6919
10049S,6919
10049S,6919
10049S,6919
10049S,6919
10049S,6919
10049S,6919
10049S,6919
10049S,6919
10049S,6919
10049S,6919
10049S,6919
10049S,6919
10049S,6919
10049S,6919
10049S,6919
10049S,6919
10049S,6919
10049S,6919
10049S,6919
10049S,6919
10049S,6919
10049S,6919
10049S,6919
10049S,6919
10049S,6919
10049S,6919
10049S,6919
10049S,6919
10049S,6919
10049S,6919
10049S,6919
10049S,6919
10049S,6919
10049S,6919
10049S,6919
10049S,6919
10049S,6919
10049S,6919
10049S,6919
10049S,6919
10049S,6919
10049S,6919
10049S,6919
10049S,6919
10049S,6919
10049S,6919
10049S,6919
10049S,6919
10049S,6919
10049S,6919
10049S,6919
10049S,6919
10049S,6919
10049S,6919
10049S,6919
10049S,6919
10049S,6919
10049S,6919
10049S,6919
10049S,6919
10049S,6919
10049S,6919
10049S,6919
10049S,6919
10049S,6919
10049S,6919
10049S,6919
10049S,6919
10049S,6919
10049S,6919
10049S,6919
10049S,6919
10049S,6919
10049S,6919
10049S,6919
10049S,6919
10049S,6919
10049S,6919
10049S,6919
10049S,6919
10049S,6919
10049S,6919
10049S,6919
10049S,6919
10049S,6919
10049S,6919
10049S,6919
10049S,6919
10049S,6919
10049S,6919
10049S,6919
10049S,6919
10049S,6919
10049S,6919
10049S,6919
10049S,6919
10049S,6919
10049S,6919
10049S,6919
10049S,6919
10049S,6919
10049S,6919
10049S,6919
10049S,6919
10049S,6919
10049S,6919
10049S,6919
10049S,6919
10049S,6919
10049S,6919
10049S,6919
10049S,6919
10049S,6919
10049S,6919
10049S,6919
10049S,6919
10049S,6919
10049S,6919
10049S,6919
10049S,6919
10049S,6919
10049S,6919
10049S,6919
10049S,6919
10049S,6919
10049S,6919
10049S,6919
10049S,6919
10049S,6919
10049S,6919
10049S,6919
10049S,6919
10049S,6919
10049S,6919
10049S,6919
10049S,6919
10049S,6919
10049S,6919
10049S,6919
10049S,6919
10049S,6919
10049S,6919
10049S,6919
10049S,6919
10049S,6919
10049S,6919
10049S,6919
10049S,6919
10049S,6919
10049S,6919
10049S,6919
10049S,6919
10049S,6919
10049S,6919
10049S,6919
10049S,6919
10049S,6919
10049S,6919
10049S,6919
10049S,6919
10049S,6919
10049S,6919
10049S,6919
10049S,6919
10049S,6919
10049S,6919
10049S,6919
10049S,6919
10049S,6919
10049S,6919
10049S,6919
10049S,6919
10049S,6919
10049S,6919
10049S,6919
10049S,6919
10049S,6919
10049S,6919
10049S,6919
10049S,6919
10049S,6919
10049S,6919
10049S,6919
10049S,6919
10049S,6919
10049S,6919
10049S,6919
10049S,6919
10049S,6919
10049S,6919
10049S,6919
10049S,6919
10049S,6919
10049S,6919
10049S,6919
10049S,6919
10049S,6919
10049S,6919
10049S,6919
10049S,6919
10049S,6919
10049S,6919
10049S,6919
10049S,6919
10049S,6919
10049S,6919
10049S,6919
10049S,6919
10049S,6919
10049S,6919
10049S,6919
10049S,6919
10049S,6919
10049S,6919
10049S,6919
10049S,6919
10049S,6919
10049S,6919
10049S,6919
10049S,6919
10049S,6919
10049S,6919
10049S,6919
10049S,6919
10049S,6919
10049S,6919
10049S,6919
10049S,6919
10049S,6919
10049S,6919
10049S,6919
10049S,6919
10049S,6919
10049S,6919
10049S,6919
10049S,6919
10049S,6919
10049S,6919
10049S,6919
10049S,6919
10049S,6919
10049S,6919
10049S,6919
10049S,6919
10049S,6919
10049S,6919
10049S,6919
10049S,6919
10049S,6919
10049S,6919
10049S,6919
10049S,6919
10049S,6919
10049S,6919
10049S,6919
10049S,6919
10049S,6919
10049S,6919
10049S,6919
10049S,6919
10049S,6919
10049S,6919
10049S,6919
10049S,6919
10049S,6919
10049S,6919
10049S,6919
10049S,6919
10049S,6919
10049S,6919
10049S,6919
10049S,6919
10049S,6919
10049S,6919
10049S,6919
10049S,6919
10049S,6919
10049S,6919
10049S,6919
10049S,6919
10049S,6919
10049S,6919
10049S,6919
10049S,6919
10049S,6919
10049S,6919
10049S,6919
10049S,6919
10049S,6919
10049S,6919
10049S,6919
10049S,6919
10049S,6919
10049S,6919
10049S,6919
10049S,6919
10049S,6919
10049S,6919
10049S,6919
10049S,6919
10049S,6919
10049S,6919
10049S,6919
10049S,6919
10049S,6919
10049S,6919
10049S,6919
10049S,6919
10049S,6919
10049S,6919
10049S,6919
10049S,6919
10049S,6919
10049S,6919
10049S,6919
10049S,6919
10049S,6919
10049S,6919
10049S,6919
10049S,6919
10049S,6919
10049S,6919
10049S,6919
10049S,6919
10049S,6919
10049S,6919
10049S,6919
10049S,6919
10049S,6919
10049S,6919
10049S,6919
10049S,6919
10049S,6919
10049S,6919
10049S,6919
10049S,6919
10049S,6919
10049S,6919
10049S,6919
10049S,6919
10049S,6919
10049S,6919
10049S,6919
10049S,6919
10049S,6919
10049S,6919
10049S,6919
10049S,6919
10049S,6919
10049S,6919
10049S,6919
10049S,6919
10049S,6919
10049S,6919
10049S,6919
10049S,6919
10049S,6919
10049S,6919
10049S,6919
10049S,6919
10049S,6919
10049S,6919
10049S,6919
10049S,6919
10049S,6919
10049S,6919
10049S,6919
10049S,6919
10049S,6919
10049S,6919
10049S,6919
10049S,6919
10049S,6919
10049S,6919
10049S,6919
10049S,6919
10049S,6919
10049S,6919
10049S,6919
10049S,6919
10049S,6919
10049S,6919
10049S,6919
10049S,6919
10049S,6919
10049S,6919
10049S,6919
10049S,6919
10049S,6919
10049S,6919
10049S,6919
10049S,6919
10049S,6919
10049S,6919
10049S,6919
10049S,6919
10049S,6919
10049S,6919
10049S,6919
10049S,6919
10049S,6919
10049S,6919
10049S,6919
10049S,6919
10049S,6919
10049S,6919
10049S,6919
10049S,6919
10049S,6919
10049S,6919
10049S,6919
10049S,6919
10049S,6919
10049S,6919
10049S,6919
10049S,6919
10049S,6919
10049S,6919
10049S,6919
10049S,6919
10049S,6919
10049S,6919
10049S,6919
10049S,6919
10049S,6919
10049S,6919
10049S,6919
10049S,6919
10049S,6919
10049S,6919
10049S,6919
10049S,6919
10049S,6919
10049S,6919
10049S,6919
10049S,6919
10049S,6919
10049S,6919
10049S,6919
10049S,6919
10049S,6919
10049S,6919
10049S,6919
10049S,6919
10049S,6919
10049S,6919
10049S,6919
10049S,6919
10049S,6919
10049S,6919
10049S,6919
10049S,6919
10049S,6919
10049S,6919
10049S,6919
10049S,6919
10049S,6919
10049S,6919
10049S,6919
10049S,6919
10049S,6919
10049S,6919
10049S,6919
10049S,6919
10049S,6919
10049S,6919
10049S,6919
10049S,6919
10049S,6919
10049S,6919
10049S,6919
10049S,6919
10049S,6919
10049S,6919
10049S,6919
10049S,6919
10049S,6919
10049S,6919
10049S,6919
10049S,6919
10049S,6919
10049S,6919
10049S,6919
10049S,6919
10049S,6919
10049S,6919
10049S,6919
10049S,6919
10049S,6919
10049S,6919
10049S,6919
10049S,6919
10049S,6919
10049S,6919
10049S,6919
10049S,6919
10049S,6919
10049S,6919
10049S,6919
10049S,6919
10049S,6919
10049S,6919
10049S,6919
10049S,6919
10049S,6919
10049S,6919
10049S,6919
10049S,6919
10049S,6919
10049S,6919
10049S,6919
10049S,6919
10049S,6919
10049S,6919
10049S,6919
10049S,6919
10049S,6919
10049S,6919
10049S,6919
10049S,6919
10049S,6919
10049S,6919
10049S,6919
10049S,6919
10049S,6919
10049S,6919
10049S,6919
10049S,6919
10049S,6919
10049S,6919
10049S,6919
10049S,6919
10049S,6919
10049S,6919
10049S,6919
10049S,6919
10049S,6919
10049S,6919
10049S,6919
10049S,6919
10049S,6919
10049S,6919
10049S,6919
10049S,6919
10049S,6919
10049S,6919
10049S,6919
10049S,6919
10049S,6919
10049S,6919
10049S,6919
10049S,6919
10049S,6919
10049S,6919
10049S,6919
10049S,6919
10049S,6919
10049S,6919
10049S,6919
10049S,6919
10049S,6919
10049S,6919
10049S,6919
10049S,6919
10049S,6919
10049S,6919
10049S,6919
10049S,6919
10049S,6919
10049S,6919
10049S,6919
10049S,6919
10049S,6919
10049S,6919
10049S,6919
10049S,6919
10049S,6919
10049S,6919
10049S,6919
10049S,6919
10049S,6919
10049S,6919
10049S,6919
10049S,6919
10049S,6919
10049S,6919
10049S,6919
10049S,6919
10049S,6919
10049S,6919
10049S,6919
10049S,6919
10049S,6919
10049S,6919
10049S,6919
10049S,6919
10049S,6919
10049S,6919
10049S,6919
10049S,6919
10049S,6919
10049S,6919
10049S,6919
10049S,6919
10049S,6919
10049S,6919
10049S,6919
10049S,6919
10049S,6919
10049S,6919
10049S,6919
10049S,6919
10049S,6919
10049S,6919
10049S,6919
10049S,6919
10049S,6919
10049S,6919
10049S,6919
10049S,6919
10049S,6919
10049S,6919
10049S,6919
10049S,6919
10049S,6919
10049S,6919
10049S,6919
10049S,6919
10049S,6919
10049S,6919
10049S,6919
10049S,6919
10049S,6919
10049S,6919
10049S,6919
10049S,6919
10049S,6919
10049S,6919
10049S,6919
10049S,6919
10049S,6919
10049S,6919
10049S,6919
10049S,6919
10049S,6919
10049S,6919
10049S,6919
10049S,6919
10049S,6919
10049S,6919
10049S,6919
10049S,6919
10049S,6919
10049S,6919
10049S,6919
10049S,6919
10049S,6919
10049S,6919
10049S,6919
10049S,6919
10049S,6919
10049S,6919
10049S,6919
10049S,6919
10049S,6919
10049S,6919
10049S,6919
10049S,6919
10049S,6919
10049S,6919
10049S,6919
10049S,6919
10049S,6919
10049S,6919
10049S,6919
10049S,6919
10049S,6919
10049S,6919
10049S,6919
10049S,6919
10049S,6919
10049S,6919
10049S,6919
10049S,6919
10049S,6919
10049S,6919
10049S,6919
10049S,6919
10049S,6919
10049S,6919
10049S,6919
10049S,6919
10049S,6919
10049S,6919
10049S,6919
10049S,6919
10049S,6919
10049S,6919
10049S,6919
10049S,6919
10049S,6919
10049S,6919
10049S,6919
10049S,6919
10049S,6919
10049S,6919
10049S,6919
10049S,6919
10049S,6919
10049S,6919
10049S,6919
10049S,6919
10049S,6919
10049S,6919
10049S,6919
10049S,6919
10049S,6919
10049S,6919
10049S,6919
10049S,6919
10049S,6919
10049S,6919
10049S,6919
10049S,6919
10049S,6919
10049S,6919
10049S,6919
10049S,6919
10049S,6919
10049S,6919
10049S,6919
10049S,6919
10049S,6919
10049S,6919
10049S,6919
10049S,6919
10049S,6919
10049S,6919
10049S,6919
10049S,6919
10049S,6919
10049S,6919
10049S,6919
10049S,6919
10049S,6919
10049S,6919
10049S,6919
10049S,6919
10049S,6919
10049S,6919
10049S,6919
10049S,6919
10049S,6919
10049S,6919
10049S,6919
10049S,6919
10049S,6919
10049S,6919
10049S,6919
10049S,6919
10049S,6919
10049S,6919
10049S,6919
10049S,6919
10049S,6919
10049S,6919
10049S,6919
10049S,6919
10049S,6919
10049S,6919
10049S,6919
10049S,6919
10049S,6919
10049S,6919
10049S,6919
10049S,6919
10049S,6919
10049S,6919
10049S,6919
10049S,6919
10049S,6919
10049S,6919
10049S,6919
10049S,6919
10049S,6919
10049S,6919
10049S,6919
10049S,6919
10049S,6919
10049S,6919
10049S,6919
10049S,6919
10049S,6919
10049S,6919
10049S,6919
10049S,6919
10049S,6919
10049S,6919
10049S,6919
10049S,6919
10049S,6919
10049S,6919
10049S,6919
10049S,6919
10049S,6919
10049S,6919
10049S,6919
10049S,6919
10049S,6919
10049S,6919
10049S,6919
10049S,6919
10049S,6919
10049S,6919
10049S,6919
10049S,6919
10049S,6919
10049S,6919
10049S,6919
10049S,6919
10049S,6919
10049S,6919
10049S,6919
10049S,6919
10049S,6919
10049S,6919
10049S,6919
10049S,6919
10049S,6919
10049S,6919
10049S,6919
10049S,6919
10049S,6919
10049S,6919
10049S,6919
10049S,6919
10049S,6919
10049S,6919
10049S,6919
10049S,6919
10049S,6919
10049S,6919
10049S,6919
10049S,6919
10049S,6919
10049S,6919
10049S,6919
10049S,6919
10049S,6919
10049S,6919
10049S,6919
10049S,6919
10049S,6919
10049S,6919
10049S,6919
10049S,6919
10049S,6919
10049S,6919
10049S,6919
10049S,6919
10049S,6919
10049S,6919
10049S,6919
10049S,6919
10049S,6919
10049S,6919
10049S,6919
10049S,6919
10049S,6919
10049S,6919
10049S,6919
10049S,6919
10049S,6919
10049S,6919
10049S,6919
10049S,6919
10049S,6919
10049S,6919
10049S,6919
10049S,6919
10049S,6919
10049S,6919
10049S,6919
10049S,6919
10049S,6919
10049S,6919
10049S,6919
10049S,6919
10049S,6919
10049S,6919
10049S,6919
10049S,6919
10049S,6919
10049S,6919
10049S,6919
10049S,6919
10049S,6919
10049S,6919
10049S,6919
10049S,6919
10049S,6919
10049S,6919
10049S,6919
10049S,6919
10049S,6919
10049S,6919
10049S,6919
10049S,6919
10049S,6919
10049S,6919
10049S,6919
10049S,6919
10049S,6919
10049S,6919
10049S,6919
10049S,6919
10049S,6919
10049S,6919
10049S,6919
10049S,6919
10049S,6919
10049S,6919
10049S,6919
10049S,6919
10049S,6919
10049S,6919
10049S,6919
10049S,6919
10049S,6919
10049S,6919
10049S,6919
10049S,6919
10049S,6919
10049S,6919
10049S,6919
10049S,6919
10049S,6919
10049S,6919
10049S,6919
10049S,6919
10049S,6919
10049S,6919
10049S,6919
10049S,6919
10049S,6919
10049S,6919
10049S,6919
10049S,6919
10049S,6919
10049S,6919
10049S,6919
10049S,6919
10049S,6919
10049S,6919
10049S,6919
10049S,6919
10049S,6919
10049S,6919
10049S,6919
10049S,6919
10049S,6919
10049S,6919
10049S,6919
10049S,6919
10049S,6919
10049S,6919
10049S,6919
10049S,6919
10049S,6919
10049S,6919
10049S,6919
10049S,6919
10049S,6919
10049S,6919
10049S,6919
10049S,6919
10049S,6919
10049S,6919
10049S,6919
10049S,6919
10049S,6919
10049S,6919
10049S,6919
10049S,6919
10049S,6919
10049S,6919
10049S,6919
10049S,6919
10049S,6919
10049S,6919
10049S,6919
10049S,6919
10049S,6919
10049S,6919
10049S,6919
10049S,6919
10049S,6919
10049S,6919
10049S,6919
10049S,6919
10049S,6919
10049S,6919
10049S,6919
10049S,6919
10049S,6919
10049S,6919
10049S,6919
10049S,6919
10049S,6919
10049S,6919
10049S,6919
10049S,6919
10049S,6919
10049S,6919
10049S,6919
10049S,6919
10049S,6919
10049S,6919
10049S,6919
10049S,6919
10049S,6919
10049S,6919
10049S,6919
10049S,6919
10049S,6919
10049S,6919
10049S,6919
10049S,6919
10049S,6919
10049S,6919
10049S,6919
10049S,6919
10049S,6919
10049S,6919
10049S,6919
10049S,6919
10049S,6919
10049S,6919
10049S,6919
10049S,6919
10049S,6919
10049S,6919
10049S,6919
10049S,6919
10049S,6919
10049S,6919
10049S,6919
10049S,6919
10049S,6919
10049S,6919
10049S,6919
10049S,6919
10049S,6919
10049S,6919
10049S,6919
10049S,6919
10049S,6919
10049S,6919
10049S,6919
10049S,6919
10049S,6919
10049S,6919
10049S,6919
10049S,6919
10049S,6919
10049S,6919
10049S,6919
10049S,6919
10049S,6919
10049S,6919
10049S,6919
10049S,6919
10049S,6919
10049S,6919
10049S,6919
10049S,6919
10049S,6919
10049S,6919
10049S,6919
10049S,6919
10049S,6919
10049S,6919
10049S,6919
10049S,6919
10049S,6919
10049S,6919
10049S,6919
10049S,6919
10049S,6919
10049S,6919
10049S,6919
10049S,6919
10049S,6919
10049S,6919
10049S,6919
10049S,6919
10049S,6919
10049S,6919
10049S,6919
10049S,6919
10049S,6919
10049S,6919
10049S,6919
10049S,6919
10049S,6919
10049S,6919
10049S,6919
10049S,6919
10049S,6919
10049S,6919
10049S,6919
10049S,6919
10049S,6919
10049S,6919
10049S,6919
10049S,6919
10049S,6919
10049S,6919
10049S,6919
10049S,6919
10049S,6919
10049S,6919
10049S,6919
10049S,6919
10049S,6919
10049S,6919
10049S,6919
10049S,6919
10049S,6919
10049S,6919
10049S,6919
10049S,6919
10049S,6919
10049S,6919
10049S,6919
10049S,6919
10049S,6919
10049S,6919
10049S,6919
10049S,6919
10049S,6919
10049S,6919
10049S,6919
10049S,6919
10049S,6919
10049S,6919
10049S,6919
10049S,6919
10049S,6919
10049S,6919
10049S,6919
10049S,6919
10049S,6919
10049S,6919
10049S,6919
10049S,6919
10049S,6919
10049S,6919
10049S,6919
10049S,6919
10049S,6919
10049S,6919
10049S,6919
10049S,6919
10049S,6919
10049S,6919
10049S,6919
10049S,6919
10049S,6919
10049S,6919
10049S,6919
10049S,6919
10049S,6919
10049S,6919
10049S,6919
10049S,6919
10049S,6919
10049S,6919
10049S,6919
10049S,6919
10049S,6919
10049S,6919
10049S,6919
10049S,6919
10049S,6919
10049S,6919
10049S,6919
10049S,6919
10049S,6919
10049S,6919
10049S,6919
10049S,6919
10049S,6919
10049S,6919
10049S,6919
10049S,6919
10049S,6919
10049S,6919
10049S,6919
10049S,6919
10049S,6919
10049S,6919
10049S,6919
10049S,6919
10049S,6919
10049S,6919
10049S,6919
10049S,6919
10049S,6919
10049S,6919
10049S,6919
10049S,6919
10049S,6919
10049S,6919
10049S,6919
10049S,6919
10049S,6919
10049S,6919
10049S,6919
10049S,6919
10049S,6919
10049S,6919
10049S,6919
10049S,6919
10049S,6919
10049S,6919
10049S,6919
10049S,6919
10049S,6919
10049S,6919
10049S,6919
10049S,6919
10049S,6919
10049S,6919
10049S,6919
10049S,6919
10049S,6919
10049S,6919
10049S,6919
10049S,6919
10049S,6919
10049S,6919
10049S,6919
10049S,6919
10049S,6919
10049S,6919
10049S,6919
10049S,6919
10049S,6919
10049S,6919
10049S,6919
10049S,6919
10049S,6919
10049S,6919
10049S,6919
10049S,6919
10049S,6919
10049S,6919
10049S,6919
10049S,6919
10049S,6919
10049S,6919
10049S,6919
10049S,6919
10049S,6919
10049S,6919
10049S,6919
10049S,6919
10049S,6919
10049S,6919
10049S,6919
10049S,6919
10049S,6919
10049S,6919
10049S,6919
10049S,6919
10049S,6919
10049S,6919
10049S,6919
10049S,6919
10049S,6919
10049S,6919
10049S,6919
10049S,6919
10049S,6919
10049S,6919
10049S,6919
10049S,6919
10049S,6919
10049S,6919
10049S,6919
10049S,6919
10049S,6919
10049S,6919
10049S,6919
10049S,6919
10049S,6919
10049S,6919
10049S,6919
10049S,6919
10049S,6919
10049S,6919
10049S,6919
10049S,6919
10049S,6919
10049S,6919
10049S,6919
10049S,6919
10049S,6919
10049S,6919
10049S,6919
10049S,6919
10049S,6919
10049S,6919
10049S,6919
10049S,6919
10049S,6919
10049S,6919
10049S,6919
10049S,6919
10049S,6919
10049S,6919
10049S,6919
10049S,6919
10049S,6919
10049S,6919
10049S,6919
10049S,6919
10049S,6919
10049S,6919
10049S,6919
10049S,6919
10049S,6919
10049S,6919
10049S,6919
10049S,6919
10049S,6919
10049S,6919
10049S,6919
10049S,6919
10049S,6919
10049S,6919
10049S,6919
10049S,6919
10049S,6919
10049S,6919
10049S,6919
10049S,6919
10049S,6919
10049S,6919
10049S,6919
10049S,6919
10049S,6919
10049S,6919
10049S,6919
10049S,6919
10049S,6919
10049S,6919
10049S,6919
10049S,6919
10049S,6919
10049S,6919
10049S,6919
10049S,6919
10049S,6919
10049S,6919
10049S,6919
10049S,6919
10049S,6919
10049S,6919
10049S,6919
10049S,6919
10049S,6919
10049S,6919
10049S,6919
10049S,6919
10049S,6919
10049S,6919
10049S,6919
10049S,6919
10049S,6919
10049S,6919
10049S,6919
10049S,6919
10049S,6919
10049S,6919
10049S,6919
10049S,6919
10049S,6919
10049S,6919
10049S,6919
10049S,6919
10049S,6919
10049S,6919
10049S,6919
10049S,6919
10049S,6919
10049S,6919
10049S,6919
10049S,6919
10049S,6919
10049S,6919
10049S,6919
10049S,6919
10049S,6919
10049S,6919
10049S,6919
10049S,6919
10049S,6919
10049S,6919
10049S,6919
10049S,6919
10049S,6919
10049S,6919
10049S,6919
10049S,6919
10049S,6919
10049S,6919
10049S,6919
10049S,6919
10049S,6919
10049S,6919
10049S,6919
10049S,6919
10049S,6919
10049S,6919
10049S,6919
10049S,6919
10049S,6919
10049S,6919
10049S,6919
10049S,6919
10049S,6919
10049S,6919
10049S,6919
10049S,6919
10049S,6919
10049S,6919
10049S,6919
10049S,6919
10049S,6919
10049S,6919
10049S,6919
10049S,6919
10049S,6919
10049S,6919
10049S,6919
10049S,6919
10049S,6919
10049S,6919
10049S,6919
10049S,6919
10049S,6919
10049S,6919
10049S,6919
10049S,6919
10049S,6919
10049S,6919
10049S,6919
10049S,6919
10049S,6919
10049S,6919
10049S,6919
10049S,6919
10049S,6919
10049S,6919
10049S,6919
10049S,6919
10049S,6919
10049S,6919
10049S,6919
10049S,6919
10049S,6919
10049S,6919
10049S,6919
10049S,6919
10049S,6919
10049S,6919
10049S,6919
10049S,6919
10049S,6919
10049S,6919
10049S,6919
10049S,6919
10049S,6919
10049S,6919
10049S,6919
10049S,6919
10049S,6919
10049S,6919
10049S,6919
10049S,6919
10049S,6919
10049S,6919
10049S,6919
10049S,6919
10049S,6919
10049S,6919
10049S,6919
10049S,6919
10049S,6919
10049S,6919
10049S,6919
10049S,6919
10049S,6919
10049S,6919
10049S,6919
10049S,6919
10049S,6919
10049S,6919
10049S,6919
10049S,6919
10049S,6919
10049S,6919
10049S,6919
10049S,6919
10049S,6919
10049S,6919
10049S,6919
10049S,6919
10049S,6919
10049S,6919
10049S,6919
10049S,6919
10049S,6919
10049S,6919
10049S,6919
10049S,6919
10049S,6919
10049S,6919
10049S,6919
10049S,6919
10049S,6919
10049S,6919
10049S,6919
10049S,6919
10049S,6919
10049S,6919
10049S,6919
10049S,6919
10049S,6919
10049S,6919
10049S,6919
10049S,6919
10049S,6919
10049S,6919
10049S,6919
10049S,6919
10049S,6919
10049S,6919
10049S,6919
10049S,6919
10049S,6919
10049S,6919
10049S,6919
10049S,6919
10049S,6919
10049S,6919
10049S,6919
10049S,6919
10049S,6919
10049S,6919
10049S,6919
10049S,6919
10049S,6919
10049S,6919
10049S,6919
10049S,6919
10049S,6919
10049S,6919
10049S,6919
10049S,6919
10049S,6919
10049S,6919
10049S,6919
10049S,6919
10049S,6919
10049S,6919
10049S,6919
10049S,6919
10049S,6919
10049S,6919
10049S,6919
10049S,6919
10049S,6919
10049S,6919
10049S,6919
10049S,6919
10049S,6919
10049S,6919
10049S,6919
10049S,6919
10049S,6919
10049S,6919
10049S,6919
10049S,6919
10049S,6919
10049S,6919
10049S,6919
10049S,6919
10049S,6919
10049S,6919
10049S,6919
10049S,6919
10049S,6919
10049S,6919
10049S,6919
10049S,6919
10049S,6919
10049S,6919
10049S,6919
10049S,6919
10049S,6919
10049S,6919
10049S,6919
10049S,6919
10049S,6919
10049S,6919
10049S,6919
10049S,6919
10049S,6919
10049S,6919
10049S,6919
10049S,6919
10049S,6919
10049S,6919
10049S,6919
10049S,6919
10049S,6919
10049S,6919
10049S,6919
10049S,6919
10049S,6919
10049S,6919
10049S,6919
10049S,6919
10049S,6919
10049S,6919
10049S,6919
10049S,6919
10049S,6919
10049S,6919
10049S,6919
10049S,6919
10049S,6919
10049S,6919
10049S,6919
10049S,6919
10049S,6919
10049S,6919
10049S,6919
10049S,6919
10049S,6919
10049S,6919
10049S,6919
10049S,6919
10049S,6919
10049S,6919
10049S,6919
10049S,6919
10049S,6919
10049S,6919
10049S,6919
10049S,6919
10049S,6919
10049S,6919
10049S,6919
10049S,6919
10049S,6919
10049S,6919
10049S,6919
10049S,6919
10049S,6919
10049S,6919
10049S,6919
10049S,6919
10049S,6919
10049S,6919
10049S,6919
10049S,6919
10049S,6919
10049S,6919
10049S,6919
10049S,6919
10049S,6919
10049S,6919
10049S,6919
10049S,6919
10049S,6919
10049S,6919
10049S,6919
10049S,6919
10049S,6919
10049S,6919
10049S,6919
10049S,6919
10049S,6919
10049S,6919
10049S,6919
10049S,6919
10049S,6919
10049S,6919
10049S,6919
10049S,6919
10049S,6919
10049S,6919
10049S,6919
10049S,6919
10049S,6919
10049S,6919
10049S,6919
10049S,6919
10049S,6919
10049S,6919
10049S,6919
10049S,6919
10049S,6919
10049S,6919
10049S,6919
10049S,6919
10049S,6919
10049S,6919
10049S,6919
10049S,6919
10049S,6919
10049S,6919
10049S,6919
10049S,6919
10049S,6919
10049S,6919
10049S,6919
10049S,6919
10049S,6919
10049S,6919
10049S,6919
10049S,6919
10049S,6919
10049S,6919
10049S,6919
10049S,6919
10049S,6919
10049S,6919
10049S,6919
10049S,6919
10049S,6919
10049S,6919
10049S,6919
10049S,6919
10049S,6919
10049S,6919
10049S,6919
10049S,6919
10049S,6919
10049S,6919
10049S,6919
10049S,6919
10049S,6919
10049S,6919
10049S,6919
10049S,6919
10049S,6919
10049S,6919
10049S,6919
10049S,6919
10049S,6919
10049S,6919
10049S,6919
10049S,6919
10049S,6919
10049S,6919
10049S,6919
10049S,6919
10049S,6919
10049S,6919
10049S,6919
10049S,6919
10049S,6919
10049S,6919
10049S,6919
10049S,6919
10049S,6919
10049S,6919
10049S,6919
10049S,6919
10049S,6919
10049S,6919
10049S,6919
10049S,6919
10049S,6919
10049S,6919
10049S,6919
10049S,6919
10049S,6919
10049S,6919
10049S,6919
10049S,6919
10049S,6919
10049S,6919
10049S,6919
10049S,6919
10049S,6919
10049S,6919
10049S,6919
10049S,6919
10049S,6919
10049S,6919
10049S,6919
10049S,6919
10049S,6919
10049S,6919
10049S,6919
10049S,6919
10049S,6919
10049S,6919
10049S,6919
10049S,6919
10049S,6919
10049S,6919
10049S,6919
10049S,6919
10049S,6919
10049S,6919
10049S,6919
10049S,6919
10049S,6919
10049S,6919
10049S,6919
10049S,6919
10049S,6919
10049S,6919
10049S,6919
10049S,6919
10049S,6919
10049S,6919
10049S,6919
10049S,6919
10049S,6919
10049S,6919
10049S,6919
10049S,6919
10049S,6919
10049S,6919
10049S,6919
10049S,6919
10049S,6919
10049S,6919
10049S,6919
10049S,6919
10049S,6919
10049S,6919
10049S,6919
10049S,6919
10049S,6919
10049S,6919
10049S,6919
10049S,6919
10049S,6919
10049S,6919
10049S,6919
10049S,6919
10049S,6919
10049S,6919
10049S,6919
10049S,6919
10049S,6919
10049S,6919
10049S,6919
10049S,6919
10049S,6919
10049S,6919
10049S,6919
10049S,6919
10049S,6919
10049S,6919
10049S,6919
10049S,6919
10049S,6919
10049S,6919
10049S,6919
10049S,6919
10049S,6919
10049S,6919
10049S,6919
10049S,6919
10049S,6919
10049S,6919
10049S,6919
10049S,6919
10049S,6919
10049S,6919
10049S,6919
10049S,6919
10049S,6919
10049S,6919
10049S,6919
10049S,6919
10049S,6919
10049S,6919
10049S,6919
10049S,6919
10049S,6919
10049S,6919
10049S,6919
10049S,6919
10049S,6919
10049S,6919
10049S,6919
10049S,6919
10049S,6919
10049S,6919
10049S,6919
10049S,6919
10049S,6919
10049S,6919
10049S,6919
10049S,6919
10049S,6919
10049S,6919
10049S,6919
10049S,6919
10049S,6919
10049S,6919
10049S,6919
10049S,6919
10049S,6919
10049S,6919
10049S,6919
10049S,6919
10049S,6919
10049S,6919
10049S,6919
10049S,6919
10049S,6919
10049S,6919
10049S,6919
10049S,6919
10049S,6919
10049S,6919
10049S,6919
10049S,6919
10049S,6919
10049S,6919
10049S,6919
10049S,6919
10049S,6919
10049S,6919
10049S,6919
10049S,6919
10049S,6919
10049S,6919
10049S,6919
10049S,6919
10049S,6919
10049S,6919
10049S,6919
10049S,6919
10049S,6919
10049S,6919
10049S,6919
10049S,6919
10049S,6919
10049S,6919
10049S,6919
10049S,6919
10049S,6919
10049S,6919
10049S,6919
10049S,6919
10049S,6919
10049S,6919
10049S,6919
10049S,6919
10049S,6919
10049S,6919
10049S,6919
10049S,6919
10049S,6919
10049S,6919
10049S,6919
10049S,6919
10049S,6919
10049S,6919
10049S,6919
10049S,6919
10049S,6919
10049S,6919
10049S,6919
10049S,6919
10049S,6919
10049S,6919
10049S,6919
10049S,6919
10049S,6919
10049S,6919
10049S,6919
10049S,6919
10049S,6919
10049S,6919
10049S,6919
10049S,6919
10049S,6919
10049S,6919
10049S,6919
10049S,6919
10049S,6919
10049S,6919
10049S,6919
10049S,6919
10049S,6919
10049S,6919
10049S,6919
10049S,6919
10049S,6919
10049S,6919
10049S,6919
10049S,6919
10049S,6919
10049S,6919
10049S,6919
10049S,6919
10049S,6919
10049S,6919
10049S,6919
10049S,6919
10049S,6919
10049S,6919
10049S,6919
10049S,6919
10049S,6919
10049S,6919
10049S,6919
10049S,6919
10049S,6919
10049S,6919
10049S,6919
10049S,6919
10049S,6919
10049S,6919
10049S,6919
10049S,6919
10049S,6919
10049S,6919
10049S,6919
10049S,6919
10049S,6919
10049S,6919
10049S,6919
10049S,6919
10049S,6919
10049S,6919
10049S,6919
10049S,6919
10049S,6919
10049S,6919
10049S,6919
10049S,6919
10049S,6919
10049S,6919
10049S,6919
10049S,6919
10049S,6919
10049S,6919
10049S,6919
10049S,6919
10049S,6919
10049S,6919
10049S,6919
10049S,6919
10049S,6919
10049S,6919
10049S,6919
10049S,6919
10049S,6919
10049S,6919
10049S,6919
10049S,6919
10049S,6919
10049S,6919
10049S,6919
10049S,6919
10049S,6919
10049S,6919
10049S,6919
10049S,6919
10049S,6919
10049S,6919
10049S,6919
10049S,6919
10049S,6919
10049S,6919
10049S,6919
10049S,6919
10049S,6919
10049S,6919
10049S,6919
10049S,6919
10049S,6919
10049S,6919
10049S,6919
10049S,6919
10049S,6919
10049S,6919
10049S,6919
10049S,6919
10049S,6919
10049S,6919
10049S,6919
10049S,6919
10049S,6919
10049S,6919
10049S,6919
10049S,6919
10049S,6919
10049S,6919
10049S,6919
10049S,6919
10049S,6919
10049S,6919
10049S,6919
10049S,6919
10049S,6919
10049S,6919
10049S,6919
10049S,6919
10049S,6919
10049S,6919
10049S,6919
10049S,6919
10049S,6919
10049S,6919
10049S,6919
10049S,6919
10049S,6919
10049S,6919
10049S,6919
10049S,6919
10049S,6919
10049S,6919
10049S,6919
10049S,6919
10049S,6919
10049S,6919
10049S,6919
10049S,6919
10049S,6919
10049S,6919
10049S,6919
10049S,6919
10049S,6919
10049S,6919
10049S,6919
10049S,6919
10049S,6919
10049S,6919
10049S,6919
10049S,6919
10049S,6919
10049S,6919
10049S,6919
10049S,6919
10049S,6919
10049S,6919
10049S,6919
10049S,6919
10049S,6919
10049S,6919
10049S,6919
10049S,6919
10049S,6919
10049S,6919
10049S,6919
10049S,6919
10049S,6919
10049S,6919
10049S,6919
10049S,6919
10049S,6919
10049S,6919
10049S,6919
10049S,6919
10049S,6919
10049S,6919
10049S,6919
10049S,6919
10049S,6919
10049S,6919
10049S,6919
10049S,6919
10049S,6919
10049S,6919
10049S,6919
10049S,6919
10049S,6919
10049S,6919
10049S,6919
10049S,6919
10049S,6919
10049S,6919
10049S,6919
10049S,6919
10049S,6919
10049S,6919
10049S,6919
10049S,6919
10049S,6919
10049S,6919
10049S,6919
10049S,6919
10049S,6919
10049S,6919
10049S,6919
10049S,6919
10049S,6919
10049S,6919
10049S,6919
10049S,6919
10049S,6919
10049S,6919
10049S,6919
10049S,6919
10049S,6919
10049S,6919
10049S,6919
10049S,6919
10049S,6919
10049S,6919
10049S,6919
10049S,6919
10049S,6919
10049S,6919
10049S,6919
10049S,6919
10049S,6919
10049S,6919
10049S,6919
10049S,6919
10049S,6919
10049S,6919
10049S,6919
