streetmarker,count_vehiclepresent
1002E,1256
10044N,264
10048N,180
10049S,12968
10051S,13738
10053S,6921
10055S,14923
1006E,3186
10100E,1425
10102E,1126
10103W,2090
10105W,1889
10107W,1887
10111W,1977
10113W,1860
10115W,1934
10116E,3698
10117W,2037
10118E,2239
10119W,1903
10120E,2050
10121W,2259
10122E,2158
10124E,2810
10141W,1070
10151W,4185
10153W,7449
10155W,6955
10157W,8198
10159W,8875
10160E,12082
10162E,12799
10164E,12923
10166E,11410
10167W,10222
10168E,10013
10169W,7685
10170E,12424
10171W,7508
10173W,9052
10174E,9282
10176E,8888
10177W,10672
10178E,8449
10179W,8482
10180E,7302
10181W,8489
10182E,7052
10183W,8374
10184E,6690
10185W,8550
10186E,6952
10187W,10500
10188E,7403
10189W,10482
10190E,5875
10191W,9242
10192E,7362
10193W,10021
10194E,8042
10195W,8972
10196E,9614
10197W,9093
10198E,6614
10199W,12052
101W,6728
10200E,6444
102E,3593
10324E,709
10326E,577
10328E,659
10330E,612
10332E,674
10336E,803
10338E,932
103W,3733
105W,3640
106E,3826
10E,3146
110E,3891
1112E,4416
114E,3285
11501S,2912
11502N,1713
11503S,5210
11504N,1860
11505S,2537
11506N,2081
11507S,1871
11508N,2521
11509S,1951
11510N,1399
11511S,2067
11512N,2110
11513S,1479
11514N,2070
11515S,1545
11516N,2762
11517S,1454
11518N,2785
11519S,2226
11520N,2733
11521S,2166
11522N,3968
11523S,2243
11524N,4481
11525S,2692
11526N,3706
11527S,2816
11528N,2613
11529S,3017
11531S,4166
11533S,4549
11535S,1235
11537S,3232
11539S,4257
1155W,6415
1157W,7502
11600N,1936
11601S,3230
11603S,3199
11605S,3416
11607S,3278
11700E,2417
11702E,4385
11703W,2243
11705W,2214
11707W,2219
11708E,6540
11709W,2341
11710E,6775
11712E,7053
11714E,9378
11716E,7122
11718E,4355
11720E,5239
11722E,5154
11724E,2523
11726E,1170
11730E,2578
11740E,332
11742E,1
11744E,233
11745W,1833
11746E,591
11747W,1789
11748E,441
11749W,1754
11750E,365
11751W,1940
11752E,770
11753W,1943
11754E,651
11756E,606
11758E,739
1175W,6561
11760E,1158
11762E,1127
11764E,799
11766E,415
11768E,199
1177W,7085
11780E,2286
11782E,2097
11783W,1982
11784E,2045
11785W,2725
11786E,2042
11788E,2086
11800E,2861
11802E,2082
11804E,2055
11806E,2351
11808E,2161
11810E,2191
11812E,1856
11814E,1318
11816E,1291
11818E,1263
11820E,1429
11822E,1444
11824E,1714
11826E,1802
11828E,1583
11830E,1575
11832E,1626
11834E,1746
11836E,1335
11838E,1572
11840E,1278
11842E,1141
11844E,1380
11846E,1250
11848E,1335
11850E,1421
11852E,1133
11854E,1085
11856E,1343
11858E,1225
11860E,996
11862E,1252
11866E,2226
11868E,2151
11870E,2515
11871W,3121
11872E,2322
11873W,2004
11874E,2103
11875W,1739
11876E,2119
11877W,1806
11878E,2330
11879W,1933
11880E,2143
11881W,2760
11882E,2289
11883W,1746
11884E,2241
11885W,2337
11886E,2243
11887W,1803
11888E,2261
11889W,1928
1188E,8805
11890E,2094
11891W,2348
11892E,2178
11893W,2362
11894E,1965
11895W,2476
11896E,2178
11897W,2610
11899W,2596
118E,3205
11901W,4001
11921W,853
11923W,1229
11925W,1610
11927W,1618
11929W,2210
1192E,7833
11931W,2072
11933W,1644
11935W,1468
11937W,1393
11939W,1413
11941W,1504
11943W,1536
11945W,1550
11947W,1550
11949W,1461
1194E,13023
11951W,1502
11953W,1327
11955W,1231
11957W,1514
11959W,1286
11961W,1418
11963W,1586
11967W,1201
11969W,1128
11971W,1176
11973W,1203
11975W,991
11977W,1280
11979W,1317
11981W,1117
11983W,1380
11985W,1156
11987W,1134
11989W,975
1198E,8647
11991W,1229
11993W,1015
11995W,1588
11997W,1346
11999W,1205
12001W,1252
12003W,1505
12005W,1526
12007W,1717
12009W,1513
1200E,5060
12011W,1509
12013W,1595
12015W,1398
12017W,1773
12019W,1690
1201W,2846
12021W,1691
12023W,1682
12025W,1841
12027W,1785
12029W,1674
12031W,1830
12033W,1940
12035W,2131
12037W,2398
1203W,4249
12041W,2143
12042E,3376
12043W,2411
12044E,3607
12045W,2530
12046E,3423
12047W,2529
12049W,2596
12050E,1846
12051W,2710
12052E,1459
12053W,3034
12054E,1618
12055W,2820
12056E,1593
12057W,3157
12059W,3511
1205W,4276
12060E,5816
12061W,3807
12062E,1642
12063W,3357
12065W,2802
12066E,2548
12067W,2612
12068E,1860
12069W,2529
12070E,1884
12071W,2461
12072E,1988
12073W,2552
12074E,2030
12075W,2587
12076E,1889
12077W,2542
12078E,2198
12079W,2719
1207W,3875
12080E,2230
12081W,2587
12082E,2140
12083W,2536
12084E,2110
12085W,2352
12086E,2297
12087W,2154
12088E,2387
12089W,2424
12090E,2483
12091W,2322
12092E,2693
12093W,2602
12094E,2647
12095W,2358
12096E,2745
12098E,2755
12099W,1187
1209W,4342
12100E,2620
12101W,840
12102E,2687
12103W,377
12104E,2570
12105W,1448
12106E,2938
12107W,948
12109W,1797
12111W,1298
12113W,1762
12117W,4982
12119W,6079
1211W,4249
1213W,3892
1215W,4976
12200N,4956
12202N,5088
12204N,4290
12206N,4590
12208N,4588
12210N,4914
12212N,5978
12214N,8189
12219S,11752
12221S,8103
12223S,7749
12225S,9640
12227S,6336
12229S,5904
12231S,8016
12233S,5692
12235S,5513
12237S,6380
12239S,5312
12241S,6182
12243S,5706
12247S,5500
12249S,5683
12251S,5513
12253S,5482
1228E,6095
122E,3084
12320N,2318
12321S,4555
12322N,2231
12323S,4421
12324N,3665
12325S,3880
12326N,4052
12327S,3685
12328N,2528
12329S,3733
1232E,4945
12330N,2584
12331S,3737
12334N,2424
12335S,5355
12336N,2370
12337S,3075
12338N,2526
12339S,3045
12340N,3590
12341S,2999
12342N,2034
12343S,4037
12345S,2643
12347S,2714
12349S,2163
12351S,2143
12353S,1957
12355S,2199
12357S,2174
12358N,3023
12359S,2195
12360N,3547
12361S,1941
12363S,2358
12365S,2113
12366N,4614
12367S,2052
12369S,2102
1236E,5837
12371S,2192
12373S,2210
12375S,1836
12377S,2211
12380N,2509
12381S,3215
12382N,2366
12383S,2359
12384N,2245
12385S,2480
12386N,2274
12387S,2423
12388N,2159
12389S,2055
12390N,2262
12391S,1898
12392N,2106
12393S,2155
12394N,2116
12395S,2317
12396N,2210
12397S,2095
12398N,2143
12399S,2061
12400N,1808
12401S,2091
12402N,1691
12404N,2095
12406N,2053
12408N,2144
12410N,2027
12412N,1738
12414N,1630
12416N,1691
12418N,1599
12420N,1295
12422N,1738
12431S,3087
12433S,2532
12435S,2220
12436N,3018
12437S,2496
12438N,2343
12439S,2021
12440N,2283
12441S,2106
12442N,2544
12443S,2617
12444N,2681
12445S,1910
12446N,2054
12447S,1726
12448N,2180
12449S,1899
12450N,2313
12451S,1579
12453S,2511
12455S,1942
12457S,2113
12459S,2255
12461S,1801
12463S,1662
12465S,2237
12467S,2107
12469S,2025
12471S,1557
12477S,1887
12479S,2318
12481S,1917
12483S,2423
12485S,2256
12487S,2360
12502N,844
12504N,6582
12506N,2774
12508N,1923
12510N,1554
12512N,1566
12514N,1593
12516N,1483
12518N,1558
12520N,1341
12522N,1503
12524N,1320
12526N,1641
12528N,1706
12530N,1298
12531S,1448
12532N,1276
12533S,1889
12534N,1389
12535S,1412
12536N,951
12537S,1355
12538N,1342
12539S,1291
12540N,695
12541S,1205
12542N,1138
12543S,1486
12544N,1169
12545S,1245
12546N,1088
12547S,1302
12548N,1176
12549S,1446
12550N,1303
12551S,1323
12552N,1412
12553S,1315
12554N,853
12555S,1593
12556N,1196
12557S,1293
12558N,1213
12559S,1176
12560N,1092
12561S,1387
12562N,1284
12563S,3730
12564N,850
12565S,1595
12566N,1126
12567S,1417
12568N,772
12569S,1456
12570N,725
12571S,1274
12573S,1476
1263W,2596
1265W,278
126E,2761
12800N,2194
12801S,2082
12802N,2479
12803S,1297
12804N,2673
12805S,1840
12806N,2884
12807S,1703
12808N,2044
12809S,1157
12810N,1910
12811S,1445
12812N,1541
12813S,1301
12814N,1012
12816N,1452
1287W,8573
1289W,8245
12900N,4779
12901S,1603
12902N,5221
12904N,2902
12905S,2003
12906N,4125
12907S,2638
12908N,2406
12909S,1942
12910N,2937
12911S,2205
12912N,2161
12914N,2456
1291W,8814
1295W,5734
1297W,5511
1299W,6060
12E,3984
13000N,12954
13001S,11
13003S,8583
13005S,756
13006N,4375
13007S,10821
13008N,4070
13009S,5292
13010N,4017
13011S,4420
13012N,3244
13013S,3990
13014N,4890
13015S,4966
13017S,4966
13018N,89856
13019S,5391
1301W,5401
13020N,21648
13021S,6331
13022N,2415
13024N,2030
13028N,2887
13030N,2218
13031S,9880
13032N,2453
13033S,8598
13034N,2310
13035S,1939
13036N,2370
13037S,2812
13038N,2615
13039S,2881
13040N,2905
13041S,2759
13042N,2510
13043S,1418
13044N,2815
13045S,4254
13046N,2754
13048N,3108
13050N,2992
13052N,3848
13054N,8780
13056N,5211
13059S,11925
1305W,73
13061S,7506
1307W,93
13081S,3868
13083S,11741
13085S,12540
13087S,3282
13090N,5093
13092N,3421
13094N,3761
13095W,1941
13097W,3345
13099W,3632
1309W,1693
130E,2702
13101W,4099
13103W,4909
13105W,5218
1311W,34
1313W,2602
1315W,5728
1316E,6395
1319W,5365
13200N,4426
13201S,3613
13203S,3122
13205S,3400
13206N,12
13207S,3459
13209S,3190
13210N,11
13211S,3549
13212N,8
13213S,3170
13214N,76
13215S,6222
13216N,36
13217S,3489
13218N,40
13219S,3175
1321W,8329
13221S,3743
13223S,5393
13225S,1947
13227S,1810
13228N,5066
13229S,4259
13230N,5875
13231S,7061
13232N,4672
13233S,3451
13234N,4063
13235S,4653
13236N,2221
13237S,1657
13238N,2038
13239S,1546
13240N,5829
13241S,2989
13242N,3625
13244N,4197
13245S,2915
13246N,5233
13247S,2960
13248N,4204
13249S,3497
13250N,4406
13251S,4977
13252N,1895
13253S,6716
13254N,2795
13256N,1955
13258N,2498
13260N,3303
13262N,2572
13264N,7534
13266N,6291
13268N,3751
13269S,2158
13270N,3591
13271S,1486
13272N,3555
13273S,1342
13274N,4206
13275S,1379
13276N,4075
13277S,2489
13278N,4367
13279S,2425
13280N,4208
13281S,2173
13282N,3656
13283S,2415
13285S,1446
13296E,3213
13298E,2631
13300E,2360
13301S,3272
13301W,1738
13302E,2442
13303S,4928
13303W,2229
13304E,1285
13304N,3650
13305W,1576
13306E,2240
13306N,4357
13307W,2124
13308E,1493
13309W,1261
13310E,2012
13310N,2552
13311W,1821
13312E,1599
13312N,2190
13313W,1222
13314E,1625
13315W,1751
13316E,1332
13317W,1111
13318E,2936
13319W,1721
13320E,1555
13321W,1335
13322E,5630
13323W,2031
13324E,4968
13325W,1497
13326E,2779
13327W,2326
13328E,6694
13329W,6469
13330E,5129
13331W,4011
13332E,5090
13334E,5191
13335W,3264
13336E,5035
13337W,2860
13338E,4568
13339W,2254
13340E,3039
13341W,3209
13342E,4117
13343W,3470
13344E,3095
13345W,3363
13346E,3116
13347W,3655
13348E,3196
13349W,2417
13350E,4433
13351W,5370
13352E,2160
13353W,4086
13354E,3374
13356E,3064
13358E,2059
13360E,2328
13361W,2188
13363W,1974
13365W,1563
13367W,2723
13369W,2252
13371W,2370
13373W,2565
13375W,2537
13377W,2535
13381W,5271
13396E,2177
13397W,2921
13398E,2480
13399W,1376
13400E,2323
13401W,1629
13402E,2313
13403W,2258
13406E,2179
13408E,3669
13410E,5881
13412E,2960
13414E,1269
13415W,2182
13416E,8232
13418E,6767
13420E,3129
13422E,2638
13424E,2859
13426E,2727
13428E,2621
13430E,4667
13432E,5332
13434E,5325
13436E,5021
13438E,5387
13440E,5357
13442E,4486
13444E,2933
13446E,1673
13448E,2623
13450E,2547
13452E,2537
13454E,514
13456E,2378
13458E,1561
13462E,1755
13464E,2009
13466E,2202
13468E,4605
13472E,3004
13474E,3113
13476E,3315
13478E,1680
13480E,2813
13482E,2269
13484E,2283
13488E,2671
1349W,9
134E,2236
13518E,2349
1351W,4014
13520E,2439
1353W,1397
1354E,1237
1355W,2986
1356E,2885
13576E,4906
13580E,6401
13584E,3064
13586E,3960
13588E,728
1358E,2938
13600E,10079
13602E,7936
13604E,7011
13606E,6935
13608E,6274
1360E,2696
13610E,5117
13612E,5432
13614E,3000
13616E,1707
13617W,1873
13618E,14
13619W,4303
13620E,2474
13621W,1182
13622E,2357
13623W,2368
13624E,2596
13625W,5726
13626E,2996
13627W,3225
13628E,2880
13629W,1475
1362E,2638
13630E,2250
13631W,1397
13632E,1611
13633W,1555
13634E,1640
13635W,1553
13636E,2339
13637W,1309
13638E,1779
13639W,1700
13641W,1601
13642E,2476
13643W,1273
13644E,1738
13645W,2272
13646E,1020
13647W,2406
13648E,1874
13649W,1942
1364E,2625
13650E,1787
13651W,1947
13652E,1770
13653W,1905
13654E,1969
13655W,1639
13656E,1798
13658E,1716
13659W,177
13660E,1645
13661W,48
13662E,1781
13664E,2125
13665W,2485
13666E,3956
13667W,2659
13668E,2968
13669W,2477
13670E,2366
13671W,2554
13673W,3167
13675W,3610
13677W,3505
13679W,3667
13681W,2193
13683W,1673
13685W,2104
13687W,2180
13689W,1525
13691W,1771
13693W,1491
13695W,2014
13697W,1085
13699W,1799
13701W,2065
13703W,1884
13705W,2109
13709W,1944
13711W,1761
13713W,1876
13715W,3029
13717W,3284
13720E,2557
13722E,2230
13723W,3459
13724E,2261
13725W,4626
13726E,2198
13728E,2215
13730E,2242
13732E,2848
13734E,3341
13736E,2413
13738E,2540
13740E,2460
13742E,2610
13743W,97
13745W,69
13747W,103
13748E,2497
13749W,94
13750E,2418
13751W,3
13752E,3115
13753W,280
13754E,2664
13755W,886
13756E,3959
13757W,5433
13758E,83
13759W,11
13760E,75
13761W,6
13762E,4212
13763W,14
13765W,22
13767W,26
13769W,6924
13770E,90
13771W,114
13772E,101
13773W,5420
13774E,17
13775W,5802
13777W,6064
13778E,100
13779W,2332
13780E,3422
13781W,3114
13782E,4463
13783W,2783
13784E,4171
13785W,2582
13786E,5319
13787W,2640
13789W,2307
13790E,88
13791W,2199
13792E,38
13794E,5949
13796E,6680
13800N,164
13802N,3537
13804N,4345
13807S,5196
13808N,6349
13809S,11298
13810N,2659
13817S,2479
13819S,3073
1381W,4237
13821S,555
13822N,1955
13823S,2365
13824N,1954
13825S,2634
13826N,1897
13827S,2037
13828N,1794
13829S,2233
13831S,2046
13832N,86
13833S,1878
13834N,2794
13835S,1750
13836N,2500
13837S,7181
13838N,76
13839S,4906
1383W,3448
13840N,98
13841S,6589
13843S,6855
13844N,134
13845S,5073
13846N,149
13847S,9108
13848N,148
13849S,7179
1384E,11854
13850N,91
13851S,6765
13852N,107
13853S,4804
13854N,25
13855S,4488
13856N,550
13857S,6995
13858N,1431
13859S,3903
1385W,3628
13860N,1644
13861S,7732
13862N,1468
13864N,1730
13866N,3691
13868N,2733
1386E,13518
13870N,2317
13872N,4162
13874N,3258
13876N,3205
13878N,4252
1388E,8650
138E,2114
13904E,5927
13906E,5789
13908E,4663
1390E,7672
13910E,6020
13911W,1650
13912E,4772
13913W,1658
13915W,4894
13916E,6538
13917W,2611
13918E,4625
13919W,2802
13920E,3387
13921W,2871
13922E,3210
1392E,7824
1393W,560
1394E,8802
1395W,5042
1396E,8361
1397W,7284
1398E,11743
14000E,1806
14002E,2166
14004E,1895
14008E,2436
1400E,11431
14010E,1961
14012E,2182
14014E,2105
14016E,1963
14018E,1430
1401W,4510
14020E,1765
14022E,1812
14024E,1663
14026E,1624
14028E,1617
1402E,14209
14030E,1727
14032E,1560
14034E,1621
14036E,1683
14038E,1452
1403W,4178
14040E,1500
14042E,1515
14044E,1470
14046E,1533
14048E,1530
1404E,8832
14050E,1458
14052E,1525
14054E,1612
14056E,1471
14058E,1496
1405W,3972
14060E,1591
14068E,1680
1406E,10463
14070E,1399
14072E,1769
14078E,1778
1407W,4760
14080E,1639
14082E,1535
14084E,1644
14086E,1461
14088E,1674
1408E,9765
14090E,1669
14092E,1828
14094E,3135
14096E,2656
14098E,1676
1409W,4628
14100E,1633
14102E,1511
14104E,1270
14106E,1522
14108E,1130
1410E,7476
14110E,1263
14112E,1495
1411W,3559
1412E,6901
1413W,778
1414E,7078
1416E,346
1418E,5914
14201W,2025
14203W,2268
14205W,1971
1420E,6171
14213W,1409
14215W,1643
14217W,1711
14219W,1611
1421W,1032
14221W,1581
14223W,1517
14225W,1399
14227W,1466
14229W,1628
14231W,2395
14233W,1946
14235W,1403
14237W,1309
14239W,1490
1423W,781
14241W,1379
14243W,1177
14245W,1222
14247W,1276
14249W,1144
1424E,8970
14251W,1210
14253W,1230
14255W,1447
14257W,1135
14259W,925
1425W,5933
14261W,1030
14263W,549
14265W,1556
1427W,5878
1429W,5460
1431W,6054
1433W,5358
1435W,5280
1437W,6580
1439W,5168
1441W,5337
1443W,5751
1444E,5626
1445W,6262
1447W,325
1448E,5907
1449W,6170
1450E,7042
1451W,7037
1452E,6721
1453W,4888
1454E,5651
1455W,4400
1456E,5678
1457W,3359
1458E,6865
1461W,12884
1462E,18387
1463W,11568
1464E,14655
1465W,9984
1466E,11971
1468E,10594
1470E,11710
1472E,10631
1473W,6461
1475W,6154
1478E,10637
1480E,7771
1481W,5674
1483W,4870
1485W,4040
1489W,6695
1490E,10159
1492E,9036
1494E,11904
14E,3361
15001W,1478
15002E,1143
15003W,1119
15004E,1093
15005W,614
15006E,1136
15007W,747
15008E,1119
15009W,833
15010E,1157
15011W,722
15012E,982
15013W,1071
15014E,992
15015W,714
15016E,1071
15017W,797
15018E,1195
15019W,965
15020E,915
15021W,507
15022E,976
15023W,528
15024E,1098
15025W,884
15026E,1138
15027W,612
15029W,561
15030E,1109
15032E,1177
15033W,628
15034E,1223
15035W,898
15036E,1346
15037W,662
15038E,1424
15039W,854
15040E,1142
15041W,892
15042E,1426
15043W,892
15044E,1138
15045W,849
15046E,1595
15047W,1278
15048E,1571
15049W,1315
15050E,1723
15051W,791
15052E,2728
15053W,829
15055W,56
15056E,68
15057W,1124
15058E,601
15059W,1156
15061W,44
15063W,20
15065W,53
15066E,2320
15067W,700
15068E,51
15069W,864
15070E,1487
15071W,1368
15072E,1998
15073W,1245
15074E,2130
15075W,1019
15076E,1737
15077W,1982
15078E,1380
15079W,2498
15080E,2524
15081W,413
15082E,3059
15083W,663
15084E,2189
15085W,389
15086E,1682
15087W,558
15088E,2002
15089W,480
15090E,1892
15091W,91
15092E,2149
15093W,725
15094E,1838
15095W,812
15096E,1555
15097W,383
15098E,1295
15099W,1241
15100E,1281
15101W,898
15102N,950
15104N,1001
15105W,452
15106N,1445
15107W,276
15108N,1262
15109W,40
15110N,1203
15111W,44
15112N,1416
15113W,1201
15114N,1581
15115W,1067
15116N,1345
15118N,1625
15119W,38
15120N,2157
15121W,828
15122N,1958
15123W,1787
15124N,1647
15125S,1003
15126N,1486
15127S,2039
15128N,1880
15129S,2231
1512E,7814
15130N,2458
15131S,1531
15132N,2355
15133S,1608
15134N,1700
15135S,1857
15136N,969
15137S,1281
15138N,1044
15139S,1494
15140N,1078
15141S,1453
15142N,1097
15143S,1340
15144N,1208
15145S,1391
15146N,1152
15147S,1372
15148N,1072
15149S,1328
1514E,6769
15150N,1101
15151S,1372
15152N,1091
15153S,1421
15154N,1021
15155S,1240
15156N,1043
15157S,1470
15158N,961
15159S,1489
15160N,995
15161S,1312
15162N,983
15163S,1482
15164N,940
15166N,1012
15167S,1529
15168N,964
15169S,1175
1516E,5686
15170N,974
15171S,1329
15172N,1002
15173S,1493
15174N,1029
15175S,1316
15176N,1008
15177S,1465
15178N,1039
15179S,1349
15180N,1803
15181S,1103
15182N,1820
15183S,860
15184N,1759
15186N,1428
15187S,1312
15188N,1962
15189S,199
1518E,11210
15190N,1962
15191S,652
15192N,1705
15193S,1085
15194N,1476
15195S,1612
15196E,549
15197S,1338
15198E,37
15199S,1441
15200E,373
15201S,1307
15202E,852
15204E,659
15205S,1370
15206E,49
15207S,1250
15208E,47
15209S,1363
15210E,35
15211S,826
15212E,32
15213S,1069
15214E,27
15216E,47
15217S,578
15218E,33
15219S,532
15220E,36
15221S,1104
15222E,27
15224E,12
15225S,127
15226E,16
15227S,578
15228E,28
15229S,21
15230E,17
15231S,29
15232E,27
15233S,53
15234E,30
15235S,812
15236E,100
15237S,31
15238E,32
15239S,27
15240E,30
15241S,33
15242E,724
15244E,986
15245S,1896
15246E,1516
15247S,1870
15248E,1763
15249S,1406
15250E,2230
15251S,1122
15252N,1036
15253S,1342
15254N,180
15255S,1119
15256N,714
15257S,952
15258N,1091
15259S,630
15260N,328
15261S,972
15262N,1224
15263W,432
15264N,42
15265W,39
15266N,826
15267W,45
15268N,21
15269W,38
1526E,365
15270N,777
15271W,649
15272N,10
15273W,33
15274N,594
15276N,17
15277W,1641
15278N,10
15279W,1608
15281W,2610
15283W,3977
15284N,714
15285W,1095
15286N,593
15287W,377
15288N,1479
15290N,1139
15291W,40
15292N,112
15293W,30
15294N,30
15296N,1007
15297W,18
15298N,45
15299W,28
15300E,30
15302E,100
15303W,26
15304E,28
15305W,33
15306E,36
15307W,492
15308E,587
15309W,43
1530E,369
15310E,24
15312E,30
15314E,13
15316E,26
15318E,24
15320E,18
15322E,73
15324E,41
15326E,44
15328E,37
1532E,435
15330E,46
15332E,19
15334E,605
15336E,238
15338E,352
15340E,39
15342E,657
15344E,1444
1536E,492
1540E,12166
1542E,9152
1544E,9886
1546E,13165
1547W,16105
1549W,18160
15500N,2070
15502N,2272
15504N,2908
15506N,4629
15508N,3727
1550E,4845
15510N,4134
15512N,4700
15514N,3396
15516N,3436
15518N,3645
15520N,3585
15522N,4537
15524N,4280
15526N,4195
15528N,5619
1552E,4951
15530N,2451
15532N,4768
15534N,5067
15536N,5298
15538N,4302
15540N,4257
15542N,3760
15544N,2113
15546N,3984
15548N,2929
15550N,50
15552N,23
15554N,19
15556N,2103
15558N,29
1555W,16043
15560N,47
1557W,8838
1559W,9406
15600E,318
15601W,721
15602E,131
15603W,482
15604E,409
15605W,294
15606E,605
15607W,37
15608E,29
15609W,22
15610E,44
15611W,199
15612E,469
15613W,80
15614E,1370
15615W,34
15616E,1294
15617W,30
15618E,20
15619W,25
15621W,18
15623W,35
15625W,32
1563W,6821
1567W,6971
1568N,15670
15701S,1672
15703S,1236
15705S,1126
15707S,841
15709S,827
15713S,332
15717S,1274
15719S,874
15721S,1417
15723S,1554
15725S,966
15727S,798
15729S,682
15731S,654
15733S,204
15735S,656
15737S,1056
15739S,565
15741S,1156
15743S,944
15745S,830
15747S,948
15751S,1246
15753S,850
15755S,1752
15757S,1690
15759S,1186
1579S,7399
1581S,9301
1583S,9948
1595W,2870
1596N,6527
1597W,2013
1599W,992
16000N,1920
16001S,1155
16002N,1541
16003S,1349
16004N,1130
16005S,633
16006N,1153
16007S,931
16008N,1131
16009S,1932
16010N,1048
16011S,1732
16012N,916
16013S,1263
16014N,993
16015S,1102
16016N,949
16017S,878
16018N,1010
16019S,561
1601S,4619
1601W,2108
16020N,980
16022N,831
16024N,979
16026N,990
16028N,953
16030N,986
16032N,828
16034N,706
16036N,835
16038N,797
1603S,5178
1603W,2487
16040N,673
16042N,419
1605S,5741
1605W,2952
1607S,6238
1607W,3782
1609S,6077
1611S,7487
1613S,8939
1615S,9383
1617S,12760
1660N,10793
1662N,9584
1664N,9177
1685W,5879
1687W,6852
1689W,5900
1691S,3819
1693S,4350
1695S,4312
1697S,4916
1699S,5088
16E,2911
1703S,4776
1705S,5965
1707S,6162
1708N,6817
1709S,4996
1710N,5896
1711S,2834
1712N,5080
1713S,5237
1714N,7357
1716N,7650
1718N,5546
1722N,7972
1723S,7156
1725S,6913
1729S,9992
1732N,3616
1734N,3974
1736N,4304
1773S,6805
1775S,7484
1777S,6533
1785S,8244
1787S,4901
1789S,4278
1808E,2540
1810E,4359
1812E,3959
1847S,4499
1849S,6088
1851S,1021
1858N,8072
1861S,6421
1862N,3878
1863S,9680
1864N,3624
1866N,3773
1868N,3489
1869S,4465
1870N,3726
1871S,4601
1872N,1006
1873S,4396
1881S,5952
1882N,4743
1883S,7364
1884N,1888
1890N,5260
1892N,6208
1894N,5343
1895S,9456
1896N,6033
1897S,11428
1898N,6033
1899S,5540
18E,4155
1903S,7597
1906N,10211
1908N,9998
1910N,9370
1912N,9890
1914N,9095
1916N,9073
1918N,7854
1920N,6150
1973S,19016
1978N,6955
1979S,14212
1979Sa,15466
1980N,10248
1982N,8735
1984N,8515
1986N,8260
1988N,11422
1999S,6792
20001W,152
20002E,1391
20005W,913
20007W,502
20009W,1013
2000N,154160
20010E,2734
20011W,1934
20013W,2021
20014E,1890
20015W,2042
20016E,542
20017W,1188
20018E,699
20020E,871
20021W,2343
20023W,2329
20025W,2410
20027W,1087
20029W,1589
2002N,60900
20030E,978
20031W,2323
20032E,991
20033W,2176
20034E,1097
20035W,1078
20037W,920
20039W,2328
20041W,1923
20043W,1263
20045W,2055
20047W,1331
20049W,1795
20051W,812
20052E,3148
20053W,899
20055W,1041
20057W,2150
20059W,1591
20061W,1374
20062E,2946
20063W,1297
20064E,1986
20065W,1128
20066E,1781
20067W,1228
20068E,2293
20069W,1941
20070E,2138
20071W,1556
20072E,1846
20073W,1127
20074E,9
20075W,982
20076E,1032
20077W,1263
20078E,244
20079W,2283
20080E,412
20081W,1127
20084E,695
20086E,1161
20088E,1606
20094E,1074
20096E,1276
20098E,1344
20100E,1101
20102E,1129
20104E,736
20106E,305
20111W,1779
20113W,1826
20114E,1074
20115W,1110
20116E,275
20117W,1501
20120E,154
20121W,2223
20123W,1887
20125W,1756
20127W,1121
20129W,1038
20131W,987
20133W,1112
20135W,1688
20137W,966
20139W,1144
20141W,911
20143W,1892
20145W,1353
20147W,1184
20149W,1628
20151W,1056
20153W,2147
20155W,1465
20157W,1291
20175W,1062
20177W,1704
20178N,940
20179S,846
20180N,1080
20181S,1019
20182N,1423
20183S,1060
20184N,848
20185S,780
20186N,1054
20187S,1346
20188N,1124
20189S,625
20191S,782
20192N,970
20193S,703
20194N,1163
20195S,791
20196N,1534
20197S,935
20198N,1524
20199S,1119
20200N,1969
20201S,1243
20202N,1893
20203S,1583
20204N,930
20205S,1665
20206N,890
20207S,1706
20208N,1046
20209S,1739
20211S,1754
20212N,798
20213S,1874
20214N,956
20215S,1389
20216N,761
20217S,1282
20218N,910
20219S,1004
20220N,619
20221S,790
20222N,1347
20223S,437
20224N,1068
20225S,861
20226N,829
20227S,918
20228N,1259
20229S,697
20230N,1037
20231S,630
20232N,792
20233S,817
20234N,1463
20235S,524
20236N,1443
20237S,605
20238N,786
20239S,776
20241S,954
20242N,1169
20243S,765
20244N,564
20245S,730
20247S,1222
20248N,611
20249S,706
20251S,1323
20252N,682
20253S,1398
20254N,712
20255S,1422
20256N,772
20257S,1452
20258N,847
20259S,1473
20260E,233
20261S,1767
20262E,190
20263S,1889
20264E,315
20265S,1159
20266E,378
20267S,991
20268E,258
20269S,2079
20270E,378
20271S,2314
20272E,270
20273S,1388
20274E,1368
20275S,854
20276E,1348
20277S,53
20278E,1204
20279S,995
20280E,372
20281S,1235
20282E,1094
20283W,390
20284E,1532
20285W,298
20286E,1319
20287W,717
20288E,1015
20289W,513
20290E,1078
20291W,579
20292E,864
20293W,829
20294E,1045
20295W,1424
20296E,953
20297W,1652
20298E,901
20299W,1407
20300E,1107
20301W,1486
20302E,47
20303W,1234
20304E,656
20305W,1010
20306E,851
20307W,901
20308E,826
20309W,1224
20310E,716
20312E,985
20314E,721
20315W,1060
20317W,461
20318E,799
20319W,657
20320E,698
20321W,587
20322E,955
20323W,480
20324E,424
20325W,498
20326E,572
20327W,560
20328E,834
20329W,841
20330E,625
20333W,723
20334E,656
20335W,1023
20336E,734
20337W,953
20338E,921
20339W,754
20340E,737
20342E,720
20343W,846
20344E,723
20345W,716
20346E,869
20347W,814
20348E,911
20349W,776
20350E,863
20351W,555
20352E,1026
20353W,831
20354E,950
20355W,941
20356E,1467
20357W,763
20358E,1146
2035S,5939
20360E,1293
20361W,826
20363W,934
20364E,703
20365W,822
20366E,1078
20367W,1051
20368E,1301
20369W,1221
20370E,645
20371W,1095
20372E,707
20373W,1182
20374E,651
20375W,962
20376E,592
20377W,1085
20378E,701
20379W,1379
2037S,5631
20380E,398
20382E,461
20384E,727
20385W,1162
20387W,1072
20388E,644
20389W,814
20390E,631
20392E,1220
20393W,1610
20394E,610
20396E,816
20397W,803
20398E,1382
20399W,1064
20400N,738
20402N,750
20403W,957
20404N,372
20405W,1482
20406N,806
20408N,737
20409W,1183
20410N,1031
20412N,238
20413W,747
20414N,267
20415W,1144
20416N,537
20417W,700
20418N,440
20419W,333
20420N,805
20421W,281
20422N,419
20423W,663
20424N,916
20425S,475
20426N,691
20427S,551
20428N,693
20429S,239
20430E,602
20432E,527
20433S,637
20434E,483
20436E,632
20437W,455
20438E,609
20439W,571
20440E,720
20441W,23
20442E,555
20443W,488
20444E,486
20445W,566
20446E,770
20447W,400
20448E,580
20449W,8
20450E,30
20451W,15
20452E,30
20453W,377
20454E,14
20455W,353
20456E,417
20457W,17
20458E,462
20459W,23
20460E,196
20461W,294
20462E,500
20463W,185
20464E,552
20465W,411
20466E,28
20467W,447
20468E,689
20469W,473
20470E,19
20471W,200
20472E,576
20473W,380
20474E,749
20475W,10
20476E,645
20477W,10
20478E,890
20479W,15
20480E,640
20481W,173
20482E,1085
20483W,548
20485W,129
20486E,820
20487W,272
20488E,768
20489W,466
20490E,644
20492N,6
20494N,7
20496N,265
20498N,5
20500N,1
20502N,2
20504N,8
20506N,383
20508N,5
2050N,9461
2052N,7141
2054N,7270
2056N,7843
2091S,371
2094N,3310
2095S,4001
20E,4084
2101S,2710
2103S,3573
2105S,3097
2114N,3536
2116N,3622
2118N,4337
2125S,4663
2127S,5082
2137S,5161
2139S,4320
2141S,4425
2143S,4507
2145S,4406
2149S,5817
2151S,4694
2153S,5541
2177S,3495
2195S,4933
2200N,6383
2206N,7577
2208N,6390
2217S,6694
2219S,6880
2221S,1430
2223S,4122
2225S,3486
2227S,5014
2228N,4538
2230N,3655
2234N,4448
2238N,4197
2240N,3182
2242N,3545
2243S,4007
2244N,3820
2245S,4748
2246N,4152
2248N,3654
2249S,5782
2250N,3116
2251S,5465
2252N,3362
2254N,3322
2256N,3470
2257W,3983
2258N,3625
2259W,3247
2260N,4275
2261W,3236
2263W,2826
2273S,4259
2283S,2741
2285S,3396
2287S,3564
2289S,3182
2291S,4072
2295S,3580
2297S,359
2299S,346
2303S,326
2307S,353
2311S,390
2313S,2937
2316N,4507
2317S,560
2318N,420
2319S,356
2321S,687
2323S,6219
2325S,5808
2327S,10670
2334N,5322
2336N,4806
2337S,5280
2338N,4569
2339S,5130
2340N,5562
2341S,4499
2342N,5507
2343S,4460
2344N,4700
2345S,5694
2346N,5209
2348N,5572
2350N,8323
2357S,5607
2359S,6587
2361S,5782
2363S,5801
2365S,6492
2367S,6340
2369S,6228
2371S,6137
2373S,6217
2374N,7245
2376N,6098
2380N,6533
2381S,10118
2382N,8613
2384N,9314
2386N,11371
2390N,6548
2392N,5856
2393S,8298
2394N,7093
2396N,5834
2397S,7738
2398N,5178
2399S,7051
2400N,4940
2402N,5237
2411S,4579
2441S,11123
2443S,257
2457S,5982
2459S,5010
2461S,5603
2473S,7088
2476N,4034
2477S,4455
2479S,4975
2481S,5583
2483S,4872
2486N,6539
2487S,4919
2488N,6458
2489S,5359
2490N,6218
2493S,2918
2495S,3218
2504N,6274
2506N,5502
2508N,4218
2510N,5039
2513S,3419
2515S,3371
2517S,4257
253W,10452
2549S,5958
2551S,7377
2553S,6866
2555S,6108
2557S,7134
255W,11060
2561S,3802
2563S,4509
2565S,7224
2567S,4757
2569S,6086
2571S,3089
2574N,4454
2579S,4457
2581S,4966
2583S,4922
2585S,4936
2589S,6510
2590N,9552
2591S,7875
2592N,4621
2593S,7482
2594N,3921
2595S,7063
2597S,4883
2599S,4614
25W,13855
2601S,4445
2603S,4228
2605S,4688
2606N,3943
2608N,4133
2614N,2372
2621S,4020
2623S,3157
2625S,4249
2627S,3792
2635S,5510
2674N,12273
2678N,8727
2682N,8020
2686N,8778
2690N,10305
2694N,7670
2698N,8077
2702N,9332
2793S,6479
2795S,5245
27W,10501
2822N,2676
283W,5143
2841S,16487
2843S,7632
2845S,6870
2846N,2603
2847S,6735
2849S,6062
2851S,5051
2853S,5029
2855S,5165
2856N,5652
2857S,5107
285W,4300
2861S,7910
2862N,4675
287W,4487
2882N,5660
2884N,16210
2886N,12394
2888N,12345
2890N,11716
2892N,6551
2893S,6693
2895S,6305
2897S,7307
2899S,9635
289W,4361
291W,4839
2952N,7
2963S,4716
2988N,24736
29W,6420
2E,2602
3004N,12608
3008N,13207
3012N,16101
3021S,4120
3023S,4202
3025S,3422
3027S,3532
3029S,936
3052N,11184
3056N,11081
3086N,7
3087S,6
3090N,11976
3091S,2776
3093S,2895
3094N,10411
3095S,3367
3097S,2786
3099S,3796
3101S,3997
3103S,3097
3105S,4696
3107S,5387
3109S,8032
31W,6475
3254N,9326
3258N,25488
3262N,6876
3300N,3021
3301S,3394
3302N,2771
3307S,4168
3308N,3168
330Ea,4841
330Eb,5385
3310N,2651
3311S,1947
3312N,4127
3315S,2688
3316N,3955
3317S,2299
3318N,3328
3319S,2302
3323S,3746
3325S,3249
3327S,2965
3337S,2854
3338N,3667
3339S,2341
3340N,2599
3341S,2551
3342N,2359
3343S,4207
3344N,2124
3345S,3527
3346N,2380
3348N,2917
334E,4447
3357S,4478
3359S,4185
3388N,10746
338E,4272
3390N,6266
3392N,4263
3394N,3717
3396N,3718
3398N,3841
33W,5946
3400N,3352
3402N,3634
3403S,4005
3405S,3911
3406N,4387
3407S,4046
3408N,3854
3409S,4484
3410N,3954
3411S,4597
3412N,4095
3413S,4485
3414N,4125
3415S,4242
3416N,5015
3417S,4648
3420N,4917
3428N,1
342E,4575
3433S,5383
3435S,6636
3442N,7185
3444N,7412
3446N,6809
3448N,8646
3450N,9495
3452N,8379
3454N,8415
3455S,4371
3456N,8008
3456NA,5269
3456NB,6613
3456NC,5199
3456ND,2420
3457S,4683
3461S,3163
3463S,2700
3464N,3263
3465S,3719
3466N,2689
3467S,4135
346E,4555
3477S,7
3480N,3280
3488N,3309
3490N,2801
3492N,2974
3494N,2918
3496N,2629
3498N,2954
3500N,3195
3502N,3305
3504N,3430
3507S,4285
3509S,3493
350E,3679
3511S,4070
3514N,4433
3515S,3938
3516N,3282
3517S,3703
3518N,5182
3519S,5223
3545S,2363
3547S,2095
3549S,3286
354E,4788
3551S,3250
3553S,3455
3564N,1351
3566N,3068
3568N,7927
35W,6576
3607S,5933
3609S,4024
3611S,1953
3619S,1
362E,3384
3660N,8757
3662N,6458
3664N,7537
3666N,6480
3668N,7251
3688N,9802
3690N,5696
3692N,6927
3693S,6922
3697S,6757
3699S,1
3701S,4493
3703S,7
3705S,4389
3707S,4643
3751S,16259
3753S,14094
3755S,13095
3757S,14420
3759S,13147
3761S,8445
3763S,7876
3774N,6768
3795S,14692
3797S,12486
37W,5289
3807S,3263
3809S,5350
3811S,2359
3813S,2655
3815S,2457
3817S,2508
3819S,7106
3821S,6538
3823S,6015
3825S,6459
3830N,5942
3831S,7506
3832N,6130
3833S,9629
3834N,8168
3836N,9136
3858N,6298
3860N,5510
3862N,5800
3864N,6407
3865S,3591
3867S,4587
3868N,5873
3869S,3239
3871S,4457
3873S,3309
3874N,7416
3875S,4955
3876N,7476
3878N,9656
390E,6866
3912N,7046
3914N,5811
3916N,4430
3918N,3863
3920N,3873
3922N,3605
3924N,4005
3926N,4619
3928N,4234
392E,6053
3930N,3746
3932N,3547
3934N,3956
3936N,4814
3938N,4569
3940N,7115
3942N,6309
3944N,6573
3945S,5785
3947S,5642
3949S,5501
394E,6655
3951S,5775
3953S,5455
3955S,5227
3956N,7645
3957S,3560
3958N,3193
3960N,3098
3961S,3824
3962N,3893
3964N,3399
3968N,4946
3969S,4042
3975S,3586
3976N,3192
3977S,2818
3978N,3279
3980N,4467
3981S,3730
3983S,5283
3984N,3914
3986N,3718
39W,6480
4000N,5096
4002N,4493
4003W,7491
4004N,5003
4005W,9173
4006N,4840
4008N,2387
4099W,8134
4101W,6558
41W,5116
425W,8032
427W,5647
429W,6167
431W,5766
433W,5711
435W,5532
4369W,5997
4371W,5656
4373W,3844
437W,4906
4380E,6421
4382E,6669
4384E,1053
4386E,5034
4388E,5463
4390E,5458
439W,5386
441W,5968
4450E,5139
4451W,4467
4453W,4093
4455W,4571
4456E,3807
4457W,5268
4458E,4205
4459W,5325
4460E,4272
4461W,4692
4462E,5558
4463W,5766
4464E,4748
4465W,6260
4466E,4554
4467W,1625
4468E,4611
4469W,1822
4470E,4721
4471W,1968
4472E,3499
4472EA,4288
4474E,2982
4474EA,3781
4475W,2859
4476E,3210
4477W,3222
4478E,3739
4479W,3042
4480E,3266
4482E,3197
4483W,3332
4484E,3444
4485W,4535
4486E,3459
448E,11898
4497W,5140
4499W,4926
4501W,5608
4503W,4016
4505W,4067
4507W,5288
4509W,5552
4513W,2874
4515W,2605
4517W,2401
4519W,2529
4521W,1511
4523W,1894
4525W,1640
4527W,2260
4529W,2336
452E,6115
4531W,1775
4533W,2024
4535W,1849
4537W,2485
4574E,3081
4576E,3252
4578E,3244
4580E,4075
4586E,3661
4588E,2831
4590E,2846
4592E,2923
4594E,3130
45W,5
460E,6185
4664Ea,493
4666Ea,2263
4682Ea,293
4684Ea,5107
4686Ea,2350
4688Ea,6042
4690Ea,6289
4692Ea,7086
4694Ea,6824
4696Ea,6635
4700Ea,7921
4702Ea,6181
4704Ea,8628
4825W,3323
4827W,3947
4829W,4019
482E,3802
4831W,4318
4833W,3966
4835W,5151
4841W,6269
4858E,1397
4865W,1629
4867W,1710
4869W,1744
486E,5990
4870E,2363
4871W,1755
4873W,1795
4875W,1670
4877W,1889
4879W,1771
487W,3954
4881W,1765
4882E,3102
4883W,1681
4885W,1874
4886E,3294
4887W,1819
4889W,1924
4891W,1829
4893W,1944
4895W,2082
4897W,2185
4899W,2254
489W,3984
4901W,2412
4903W,2403
4905W,2537
4907W,2623
4909W,2588
4912E,103
4914E,154
4916E,99
491W,4680
4E,3022
5048E,1700
5050E,2891
5052E,3370
5058E,3417
5060E,2746
5062E,2338
5064E,2548
5066E,2639
5068E,3439
5072E,2322
5078E,1736
5080E,1761
5082E,1567
5084E,1659
5086E,1532
5088E,1935
5090E,95
5092E,1401
5094E,1759
5096E,1843
5098E,1334
5100E,1280
5102E,1541
5104E,534
5106E,1173
5108E,1039
5117W,2210
5119W,2982
5121W,2324
5123W,2176
5125W,382
5130E,1253
5131W,1797
5132E,1253
5133W,1517
5134E,1222
5136E,1076
5140E,1193
5141W,1605
5142E,1230
5143W,1500
5144E,1162
5145W,1324
5146E,1318
5147W,1086
5148E,1072
5149W,1687
5150E,1063
5152E,1113
5154E,1142
5156E,1048
5158E,1105
5162E,1114
5180E,2664
5181W,2245
5182E,2807
5183W,4089
5184E,2794
5185W,4426
5186E,3078
5188E,3352
5190E,3264
5192E,3315
5201W,2943
5209W,3539
5220E,2571
5224E,3
5226E,3274
5228E,3094
5230E,3032
5232E,2593
5234E,2227
5236E,2804
5238E,2437
5240E,2678
5242E,1908
5246E,2132
5248E,2735
5250E,2630
5252E,2772
5256E,1891
5257W,1117
5258E,2371
5259W,1737
5260E,1868
5261W,1149
5263W,810
5264E,2889
5265W,898
5266E,2517
5267W,47
5268E,2412
5269W,2465
5270E,2151
5271W,2642
5272E,2189
5274E,2203
5276E,2271
5278E,2364
5280E,2314
5282E,2199
5284E,2426
5286E,2523
5288E,2549
5290E,2557
5292E,3073
5314E,15891
5316E,11853
5317W,3773
5318E,5082
5319W,2948
5320E,5002
5321W,3568
5322E,4570
5324E,4696
5325W,2958
5327W,2838
5329W,2636
5331W,2815
5333W,3120
5335W,2934
5337W,3473
5347W,2161
5349W,2204
5351W,2462
5353W,2797
5355W,2359
5378E,1388
5381W,1672
5382E,2320
5384E,2712
5390E,96
5392E,1477
5394E,1201
5396E,1304
5398E,1368
53W,13041
5400E,1478
5415W,1976
5417W,2301
5419W,3071
5444E,1888
5447W,2410
5449W,2524
5451W,1663
5457W,1715
5459W,1782
5460E,1943
5461W,1861
5463W,1632
5464E,1011
5468E,1463
5472E,1318
5476E,1128
5480E,1210
5491W,1841
549W,7130
5512E,979
5514E,776
5516E,526
5518E,925
551W,6384
5520E,1400
5522E,1237
5526E,1370
5530E,1896
5534E,990
5538E,528
553W,4305
554E,11887
5556E,584
555W,4847
5560E,789
5570E,908
5574E,788
5578E,716
557W,6934
5582E,803
5586E,1225
558E,11266
5590E,1632
5592E,2603
5594E,2302
55W,12617
562E,9800
566E,9645
570E,8625
5795W,1085
57W,11195
5802E,826
5804E,909
5806E,937
5807W,986
5808E,978
5809W,833
5810E,996
5812E,958
5814E,908
5816E,834
5818E,1015
5820E,942
5822E,1336
5824E,964
5826E,734
5828E,660
5829W,1226
5830E,703
5831W,934
5832E,752
5833W,819
5834E,631
5835W,1070
5836E,659
5838E,746
5840E,805
5842E,742
5844E,818
5846E,1017
5848E,359
5850E,348
5852E,387
594E,5001
5988N,4325
598E,4648
5990N,3654
5992N,3557
5994N,4223
5996N,4908
5998N,3925
59W,7549
6000N,3695
6002N,204
6004N,137
6006N,44
6012N,1597
6014N,1988
6027S,5933
6029S,4076
602E,4332
6031S,3251
6032E,430
6033S,4180
6034E,471
6035S,4134
6037S,4873
6039S,532
6041S,255
6043S,312
6044E,934
6051W,268
6055W,755
606E,3445
610E,104
614E,42
6171W,1249
6173W,835
6175W,1963
6177W,1198
6179W,482
6185W,1036
6187W,995
6189W,961
618E,14
6191W,868
6193W,835
6195W,976
6197W,918
6199W,1076
6203W,918
6205W,948
6207W,944
6209W,904
6211W,986
6213W,1066
6215W,1008
6217W,939
6219W,920
6221W,1047
6223W,1015
6225W,1023
6227W,967
6229W,1145
622E,17
6231W,900
6233W,1141
6235W,1142
6237W,922
6239W,1340
623W,4953
6240N,6263
6241W,1403
6243W,1118
6245W,6
6251S,3244
6252N,2237
6253S,2387
6254N,2893
6257S,2721
6259S,2147
625W,5798
6263S,2549
6265S,2791
6267S,2465
626E,20
627W,7988
630E,20
631W,4166
633W,4072
634E,26
643W,5149
645W,5397
647W,2356
649W,6502
6525S,368
6533S,313
6538N,4590
6540N,4428
6542N,4504
655W,7230
6571S,8498
6575S,9396
6576N,10226
657W,6525
6580N,6828
6581S,7947
6583S,7066
6584N,5979
6588N,6262
6592N,7244
659W,6029
65W,4210
6614N,5828
6619S,6310
661W,6481
6621S,6865
6623S,4937
6625S,6711
6627S,6331
6629S,6423
6631S,6385
6633S,7361
6659S,3500
6660N,4684
6661S,4113
6663S,3717
6664N,3847
6665S,3977
6667S,5854
6668N,3777
6669S,3968
6672N,4031
6676N,3737
6680N,4119
669W,5563
671W,4727
673W,4640
675W,4989
67W,2513
682E,5983
686E,5152
690E,5323
694E,5079
698E,5830
69W,3564
6E,2627
7013S,994
7017S,753
7019S,382
7021S,311
7023S,241
7025S,214
7027S,219
7029S,119
7033S,122
7035S,201
7037S,194
7039S,161
7041S,193
7060N,3349
7062N,2554
7063S,1632
7064N,1329
7065S,1728
7066N,2234
7069S,1042
7071S,834
7073S,1944
7075S,1982
7077S,1973
7078N,2635
7079S,1823
7081S,1814
7082N,3225
7083S,1906
7084N,1416
7085S,1886
7086N,1514
7087S,1014
7088N,2710
7089S,2086
7090N,3000
7091S,1615
7093S,1893
7095S,922
7096N,2049
7097S,1541
7098N,1606
7099S,2151
7101S,2850
7119S,1543
7120N,1139
7121S,1654
7129S,880
7135S,1599
7139S,1143
7141S,1123
7146N,1475
7161s,849
7163s,609
7165s,1121
7169s,2077
7171s,1402
7173s,1266
7175s,1008
7179s,1517
7181s,724
71W,3944
72E,2761
7325W,671
7326E,526
7327W,34
7329W,1196
7333W,1231
7334E,1088
7335W,1458
7336E,1503
7337W,1167
734E,6764
738E,4742
73W,3481
742E,5984
746E,5219
74E,2728
7552N,2740
7554N,3209
7558N,3890
7563S,6075
7565S,4800
7566N,3492
7567S,4681
7568N,2195
7570N,2558
7572N,2889
7573S,2404
7574N,2433
7575S,3180
7576N,2257
7577S,3135
7578N,2700
7579S,2922
7580N,2874
7582N,2159
7584N,2165
7585S,3727
7586N,2986
7588N,2764
7590N,3078
7592N,1333
7595S,2078
7597S,2313
7599S,3078
75W,3579
7620N,3260
7622N,2892
7624N,3722
7626N,3838
7628N,3331
7630N,3200
7632N,2024
7634N,2310
7636N,2114
7638N,2073
7640N,1599
7642N,3095
7644N,2725
7646N,774
7648N,1502
7650N,1045
7654N,909
7656N,806
7658N,1017
7660N,1331
7663S,2879
7664N,2440
7665S,2418
7666N,1199
7667S,2880
7668N,1627
7670N,1872
7671S,2081
7672N,1777
7673S,2033
7674N,1757
7675S,3184
7676N,2078
7677S,6380
767Wa,20793
7680N,2319
769W,7744
76E,2785
770E,7497
771W,8177
7720N,967
7722N,1803
7723S,723
7724N,619
7733S,2035
7735S,1222
7737S,1165
7739S,3729
773W,8035
7741S,5079
775W,7604
7762N,1022
7784N,7212
779W,8090
77W,3375
7805W,359
7809W,3223
780E,10043
7811W,4064
7813W,4298
7815W,3715
7817W,3284
7819W,2962
7821W,3939
7823W,2957
7829W,935
7831W,766
7833W,954
7835W,1115
7837W,994
7839W,1513
783W,10642
7841W,734
7843W,780
7845W,1104
7847W,1203
7849W,1229
7851W,1665
7853W,2158
787W,8327
789W,9230
78E,3471
791W,8642
793W,8326
795W,8320
797W,8568
79W,4185
8000E,3815
8001W,3166
8002E,5059
8003W,2734
8004E,4582
8005W,2534
8006E,3861
8007W,2242
8008E,2095
8009W,2693
8013W,1907
8014E,3408
8015W,1583
8016E,2550
8017W,2047
8018E,3999
8019W,2217
8021W,3018
812E,12197
816E,12634
81W,6340
8220E,1210
8222E,957
8224E,1086
8226E,995
8228E,608
8230E,460
8232E,1313
8234E,1153
8236E,1143
8238E,1205
8240E,1479
8279W,1493
8281W,1779
8283W,1566
8285W,1412
8287W,915
8289W,1072
8291W,1171
8293W,948
8295W,1144
8297W,1260
8299W,1152
82E,4144
8304E,796
8306E,775
8308E,701
8310E,733
8311W,1155
8312E,723
8314E,941
8315W,977
8316E,901
8317W,983
8318E,955
8319W,981
8320E,1037
8321W,990
8322E,1074
8323W,1161
8324E,1075
8325W,1332
8326E,976
8328E,1117
8329W,1633
8330E,1146
8331W,1559
8332E,1062
8333W,1334
8335W,1556
8336E,724
8337W,587
8338E,747
8340E,1225
8341W,593
8342E,1107
8343W,805
8344E,1394
8345W,698
8346E,1495
8347W,1053
8352E,860
8354E,1682
8356E,1487
83W,5089
8465W,2588
8466E,2895
8467W,3891
8468E,3115
8469W,3965
8471W,3009
8473W,2904
8474E,2036
8475W,4472
8476E,2712
8478E,2046
8480E,2766
8482E,2438
8484E,2646
8490E,1846
8494E,2
8496E,70
8498E,60
8500E,53
8502E,40
8503W,468
8504E,43
8505W,715
8509W,296
8511W,458
8524E,637
8526E,383
8528E,399
8530E,501
8532E,566
8534E,394
8536E,410
8538E,596
85W,5585
8620E,1217
8626E,1141
8628E,1094
8630E,1137
8631W,1185
8632E,1023
8634E,1056
8636E,1147
8638E,886
8639W,3107
8640E,844
8642E,1073
8643W,2193
8644E,997
8645W,2271
8646E,1290
8647W,2203
8649W,2261
8651W,2192
8653W,2063
8655W,1587
8658E,1163
8660E,387
8661W,1752
8662E,1508
8663W,1079
8664E,803
8665W,3600
8668E,1154
8670E,1445
8672E,1365
8674E,1572
8676E,1374
8678E,1508
8680E,1636
8686E,3004
8692E,2137
86E,3211
8706E,4513
8709W,4831
8711W,4445
8712E,2800
8713W,3959
8714E,2321
8777W,1383
8779W,1167
8781W,1099
8783W,1001
8785W,1026
8787W,1009
8789W,1265
87W,4915
8810E,920
8812E,931
8814E,1295
8816E,1244
8818E,1338
8871W,4243
8873W,3600
8875W,3411
8877W,5787
8879W,5380
8883W,5454
8885W,3812
8887W,4117
8889W,2607
8891W,4549
8893W,2377
8895W,2113
8897W,3323
8901W,3554
8903W,7627
8905W,8414
892E,6166
894E,5345
896E,4827
898E,4926
8999W,2375
89W,4477
8E,3406
900E,5381
902E,3879
904E,5757
906E,5854
907W,9762
908E,3788
909W,9570
90E,3475
9102N,2553
9104N,2390
910E,9815
9112N,1628
9116N,8794
9118N,2502
9120N,2114
9122N,2313
9124N,2530
9126N,3041
9128N,3167
912E,10244
9130N,2852
9132N,3665
9134N,2783
9136N,2362
9138N,3258
9142N,8393
914E,11277
916E,8113
9188N,6191
9190N,4617
9196N,3511
9198N,3437
91W,4966
9200N,3432
9204N,3238
9206N,3179
9208N,2876
9210N,2934
9212N,2579
9214N,2424
9216N,3257
9218N,3090
9220N,2480
9222N,2306
9224N,2700
9226N,2956
9228N,3028
9230N,3194
9232N,3471
9237S,2070
9238N,1756
9239S,1871
9240N,1521
9241S,1727
9242N,1604
9243S,2117
9244N,1464
9245S,2364
9246N,1579
9247S,2748
9248N,1341
9249S,2478
9250N,1739
9252N,1567
9254N,1580
9256N,1498
9258N,1405
9260N,1400
9262N,1304
9264N,1297
9266N,1262
9268N,1238
9270N,1345
9272N,1307
9274N,1295
9276N,1349
928W,8067
9290N,1836
9292N,2172
9294N,2396
9296N,2872
929W,8782
9302N,2704
9304N,2361
9306N,2375
9308N,2384
9310N,2414
9315S,1033
9317S,953
9319S,1001
9321S,945
9323S,1039
9327S,995
9329S,940
9331S,1119
9333S,1120
9335S,1222
9337S,1365
9339S,1393
9341S,1469
9343S,2040
9349S,1185
9351S,2373
9353S,2652
9355S,2579
9357S,2533
9359S,2505
9361S,2461
9363S,2430
9365S,2424
9367S,2646
9369S,2484
9371S,2418
9373S,2937
9375S,3376
9385S,1054
9387S,1222
9389S,671
9391S,945
9393S,1162
9395S,1084
9397S,1074
9399S,985
9401S,1126
9403S,1322
9405S,1382
9407S,1447
9413S,1186
9415S,1628
9416N,148
9417S,1677
9419S,1666
9421S,1929
9423S,1960
9425S,1804
9427S,1922
9429S,1849
9431S,1715
9433S,1668
9435S,1519
9437S,1696
9439S,1713
9443S,1791
9445S,1865
9447S,1896
9449S,1903
9451S,2516
9453S,2272
9455S,2305
9457S,2616
9459S,1015
9461S,609
9496N,1445
949W,9007
94E,3679
9500N,1217
9502N,894
9504N,1077
9506N,1082
9508N,1088
9509S,2237
9510N,1059
9511S,1918
9512N,1181
9513S,2046
9515S,1944
9516N,1148
9517S,2254
9519S,1948
951W,8440
9521S,1398
9523S,2629
9525S,1176
9527S,1336
9529S,1236
952E,8024
9531S,1247
9533S,1291
9535S,1038
9537S,1329
9539S,1588
9541S,2493
954E,5786
957W,9125
959W,7937
95W,5234
961W,8083
962E,6236
964E,4953
968E,4516
9823S,1380
9824N,1352
9825S,1478
9826N,1829
9827S,1367
9828N,1693
9829S,1342
9830N,1768
9831S,1376
9832N,1526
9833S,1345
9834N,2420
9835S,1273
9836N,2141
9837S,913
9838N,1430
9839S,964
9840N,1420
9841S,1155
9842N,1338
9843S,1087
9844N,1095
9845S,1303
9846N,1155
9847S,1272
9848N,1023
9850N,1099
9852N,1144
9854N,1147
9856N,1153
9858N,1354
9860N,1229
9862N,1229
9864N,1273
9866N,1264
9868N,1521
9870N,1446
9872N,2106
9878N,528
9880N,582
9882N,1196
9884N,1115
9886N,1232
9887S,528
9888N,1117
9889S,1105
9890N,1068
9891S,1160
9892N,1119
9893S,1187
9894N,992
9895S,1423
9896N,1050
9897S,983
9898N,1040
9899S,1091
98E,3789
9900N,995
9901S,1326
9902N,943
9903S,1116
9904N,992
9906N,989
9908N,970
990E,3296
9910N,87
9912N,917
9914N,938
9916N,543
9918N,975
9920N,933
9922N,970
9924N,1091
9926N,1011
9928N,859
9930N,953
9932N,1127
9934N,1023
9935S,1095
9936N,1027
9938N,1061
9939S,1201
9940N,913
9941S,1246
9942N,1068
9943S,1246
9944N,1143
9945S,1165
9946N,1119
9947S,1155
9948N,1019
9949S,1110
994E,1688
9950N,1072
9951S,1259
9952N,1057
9953S,1268
9954N,1020
9955S,1370
9956N,1127
9958N,1007
9960N,1126
9962N,1060
9964N,762
9966N,1108
9968N,819
9970N,1141
9972N,1371
9974N,1410
9976N,1151
9978N,1201
9980N,1184
9982N,1161
998E,1093
99W,4094
C100,2668
C104,2511
C108,2569
C1082,4158
C1084,4068
C1086,4133
C1088,3998
C1090,2163
C1092,2254
C1096,2141
C1098,4153
C1100,4678
C1102,4670
C1104,4269
C1106,4422
C1107,5284
C1108,4603
C1109,5485
C1111,4749
C1113,4657
C1115,4699
C1117,4133
C1118,4406
C1119,4437
C112,2346
C1120,4995
C1121,4413
C1122,4473
C1123,4115
C1124,3922
C1126,4299
C1128,4324
C1130,4727
C1132,4670
C1134,4615
C1136,4011
C1138,3737
C1140,4424
C1142,4768
C1144,4333
C1146,7931
C1148,7411
C1150,3912
C1152,4024
C1154,4078
C1156,4554
C1158,4341
C116,2192
C1160,3989
C1162,4204
C1164,4383
C1166,4256
C1168,4017
C1170,3690
C1172,4620
C1174,4756
C1176,4780
C1182,5432
C1186,5362
C1190,4819
C120,2328
C1206,4364
C1208,3971
C1210,3883
C1212,3698
C1214,3626
C1216,3481
C1218,3185
C1220,3375
C1222,3431
C1224,3583
C1226,3392
C1230,3314
C1234,3455
C1238,3661
C124,2320
C1242,3853
C1246,2994
C1248,2771
C1250,3310
C1252,3137
C1254,3360
C1256,3293
C1258,3355
C1260,3283
C1262,3316
C1266,3512
C1270,3223
C1274,3522
C128,2246
C132,2253
C13500,2538
C13504,2925
C13508,3410
C13512,3432
C13516,3387
C13520,3025
C13524,3242
C13528,3389
C13532,3112
C13536,2940
C13540,2990
C13544,2426
C13548,2424
C13552,2807
C13556,2738
C13568,2045
C13572,1911
C13576,2240
C13580,2077
C13584,2275
C13592,1732
C13596,2311
C13600,2325
C13604,2122
C13608,2015
C13612,1632
C13616,2011
C13620,2344
C13624,2496
C13628,2218
C13632,2546
C13636,1838
C13640,2279
C13644,2210
C13648,2691
C13652,2878
C13656,2205
C13660,2684
C13664,2565
C13668,2388
C13672,2412
C13676,2485
C13680,2234
C13684,1873
C13688,2275
C13692,2622
C13696,2378
C13700,2189
C13704,1781
C13708,2120
C13712,2814
C13716,3256
C13720,3324
C13724,3462
C13726,2570
C140,2258
C144,2081
C146,2103
C148,2114
C150,2174
C152,2056
C154,2106
C156,2089
C158,2030
C160,1760
C162,1728
C164,1821
C168,1942
C172,1832
C176,1863
C180,1956
C184,1955
C188,1934
C192,1905
C196,1972
C204,2949
C208,3704
C212,3787
C216,4081
C220,4303
C224,3695
C228,4062
C232,3911
C236,3717
C240,3028
C244,3153
C248,3349
C256,3789
C260,3390
C2636,2576
C2638,3895
C264,3090
C2640,3827
C2642,3202
C2644,3055
C2646,4274
C2648,4549
C2650,3763
C2652,3227
C2654,3765
C2656,3709
C2658,2980
C2660,3210
C2664,3866
C2668,3744
C2672,3338
C2676,3991
C268,3415
C2692,3731
C2696,3747
C2700,3093
C2704,2941
C2708,3360
C2712,3246
C2716,2718
C272,3384
C2720,3237
C2724,3192
C2728,3707
C2732,3920
C2736,3033
C2740,3125
C2744,3467
C2748,4096
C2752,3591
C2756,3679
C276,3365
C2760,4823
C2764,5988
C2768,4910
C2774,3691
C2776,3579
C2778,3578
C2780,3538
C2786,2873
C2788,3462
C2790,3585
C2792,3585
C2794,3613
C2796,3319
C280,3368
C2800,3444
C2802,583
C2804,733
C2806,1614
C2808,1696
C2810,1583
C2812,1659
C2816,1636
C2820,832
C2824,1282
C2828,762
C2832,805
C2834,799
C2836,3506
C2838,3649
C2844,3733
C2854,3368
C2858,4345
C2864,1685
C2866,4523
C2912,341
C2914,292
C2916,461
C2918,434
C2920,542
C2922,267
C2924,3288
C2926,8428
C2930,7007
C2934,6518
C2940,4836
C2944,5313
C2954,5544
C2958,4721
C296,3094
C2962,5525
C2970,5728
C2982,2227
C2984,2642
C2986,2674
C2990,2978
C2994,2618
C2998,2752
C300,3266
C3002,2668
C3006,2069
C3010,2536
C3014,2353
C3018,2290
C3022,2193
C3026,2648
C3030,2332
C3034,2451
C3038,2156
C304,3238
C3042,2230
C3046,2387
C3050,2433
C3054,2258
C3058,2554
C3062,2184
C3066,2060
C3070,2050
C3072,2729
C3076,3217
C3078,3460
C308,3108
C3088,2797
C3092,2503
C3096,2448
C3100,2629
C3104,2446
C3106,2756
C3108,2352
C3110,2735
C3112,2561
C3114,2846
C3118,3101
C312,3162
C3120,3287
C3122,3098
C3124,2969
C3126,176
C3128,272
C3130,331
C3132,284
C3134,1
C3136,300
C316,3222
C320,2963
C324,3088
C328,3169
C332,3018
C336,3111
C340,3299
C344,3417
C348,3200
C404,3732
C408,4114
C412,4311
C442,3260
C446,4052
C450,4638
C454,4256
C458,4638
C462,4981
C466,4288
C470,4720
C474,4210
C478,4493
C480,4621
C4828,3327
C4830,3446
C4832,3840
C4834,3713
C484,3279
C4842,3457
C4874,1996
C4876,1944
C4878,2106
C488,3516
C4880,2345
C4884,2476
C4888,2559
C4892,2991
C4896,3220
C492,3162
C496,2812
C500,3406
C504,3353
C508,2851
C512,3094
C516,3372
C518,3298
C522,3868
C526,3822
C530,2566
C5418,1875
C5420,2166
C5422,2158
C5424,2040
C5426,2005
C5430,1888
C5434,1869
C5438,1768
C544,4461
C5442,1573
C5448,1403
C5450,1392
C5452,1374
C5454,1308
C5456,1275
C5458,1239
C5462,1233
C5466,1080
C5470,1188
C5474,1189
C5478,1098
C548,4693
C5482,1064
C5486,1007
C5490,980
C5494,1026
C5498,858
C5500,978
C5502,878
C5504,874
C5506,827
C5508,759
C5510,758
C552,4083
C5524,813
C5528,836
C5532,745
C5536,883
C5540,835
C5542,921
C5544,925
C5546,904
C5548,968
C5550,849
C5552,824
C5554,1028
C5558,936
C556,4097
C5562,1010
C5564,957
C5566,881
C5568,905
C5572,996
C5576,1123
C5580,1164
C5584,1257
C5588,1232
C560,3529
C5610,1307
C5612,1382
C5614,1210
C5616,1169
C5618,1259
C5620,1255
C5622,1311
C5624,1497
C5626,1826
C5628,2066
C5630,1990
C5632,1665
C5634,1610
C5636,1463
C5638,1329
C564,3161
C5640,1432
C5642,1067
C5644,1088
C5646,952
C5648,988
C5650,990
C5652,816
C5654,1062
C5656,983
C5660,1223
C5662,1483
C5664,1160
C5666,1784
C5670,1681
C5674,1454
C5676,1562
C568,3266
C5680,1398
C5684,1718
C5688,1839
C5692,1455
C5696,2245
C5700,2969
C5702,2340
C5704,2668
C5706,2614
C5708,2384
C5710,1997
C5712,1705
C5714,1998
C5716,1638
C5718,1329
C572,3145
C5720,1159
C5724,1480
C5726,1050
C5728,1165
C5730,970
C5732,951
C5734,1106
C5736,1469
C5738,970
C5740,1034
C5742,996
C5744,967
C5748,1074
C5750,1022
C5752,959
C5754,925
C5756,866
C576,2941
C5760,944
C5762,1294
C5764,1286
C5766,1319
C5768,1000
C5770,1148
C5772,1292
C5774,1326
C5776,1219
C5778,1413
C5780,1212
C5782,934
C5784,1283
C5786,1238
C5788,1269
C5790,1221
C5792,1243
C5794,1157
C5796,1191
C5798,1316
C580,2992
C5800,1168
C584,2527
C5854,1852
C5856,1465
C5858,1572
C5860,1410
C5862,957
C5864,1164
C5868,1184
C5870,1032
C5872,1187
C5874,1129
C5876,925
C5878,1096
C588,2885
C5880,925
C5882,573
C5886,873
C5888,484
C5890,994
C5892,1139
C5894,1046
C5898,1055
C5900,1003
C5902,976
C5904,900
C5906,819
C5908,744
C5910,652
C5914,625
C5916,542
C5918,880
C592,3200
C5920,1748
C5922,1612
C5924,1953
C5926,1607
C5930,1138
C5932,1940
C5934,1885
C5936,1781
C5938,1521
C5940,1627
C5942,1724
C5944,1587
C5946,743
C5950,675
C5952,1036
C5954,1176
C5956,1258
C5958,1125
C596,3602
C5960,1169
C5962,1150
C5964,1032
C5966,801
C600,3332
C6036,671
C6038,785
C6040,716
C6042,816
C6048,712
C6050,856
C6052,930
C6054,1216
C6056,1000
C6058,819
C6060,1325
C6062,1072
C6064,1297
C6066,1092
C6068,2231
C6070,1984
C6072,1218
C6074,1192
C6076,1185
C6078,818
C6080,945
C6082,887
C6084,823
C6086,1156
C6088,887
C6090,756
C6092,742
C6096,564
C6098,1207
C6100,1238
C6102,1135
C6104,1062
C6106,1024
C6108,1017
C6110,995
C6112,1123
C6114,1171
C6116,889
C6118,892
C6120,938
C6122,904
C6124,794
C6126,951
C6130,8104
C6132,810
C6134,947
C6136,936
C6138,961
C6140,976
C6142,1112
C6144,1055
C6146,1204
C6148,1116
C6152,1245
C6154,993
C6156,1105
C6158,1100
C616,6
C6160,931
C6162,1006
C6164,1021
C6166,964
C6170,944
C6172,1071
C6174,1065
C6176,971
C6178,1069
C6180,963
C624,323
C6280,1532
C6282,1801
C6284,1891
C6286,1719
C6290,1685
C6296,1926
C6300,2311
C6302,2617
C6340,1687
C6344,1909
C6348,1941
C6350,2010
C6352,1901
C6356,1771
C6360,1537
C6368,1456
C6372,1535
C6374,1426
C6376,1374
C6378,1356
C6380,1400
C6390,1230
C6392,1274
C6396,1227
C6400,1282
C6402,1163
C6404,1213
C6406,1190
C6408,1145
C6412,1111
C6414,1149
C6418,1111
C6420,1096
C6424,1200
C6428,1061
C6598,4151
C6602,3922
C6606,3879
C6608,2863
C6612,3925
C6616,3817
C6620,3104
C6624,3613
C6628,3772
C6632,3531
C6632a,3787
C6632b,1098
C6634,3790
C6636,3665
C6638,3729
C664,3040
C6640,3608
C6642,3660
C6646,3336
C6648,3178
C6650,3435
C6652,3588
C6654,3308
C6656,3147
C6658,2099
C666,3187
C6662,2400
C6670,2412
C6674,2427
C6678,2408
C668,3345
C6682,2397
C6686,1939
C6690,2317
C6698,2369
C670,3239
C6702,2433
C6706,2633
C6710,3302
C672,3391
C6728,240
C6732,250
C6736,159
C674,3492
C6742,6
C6744,183
C6748,158
C6752,190
C6756,197
C676,3164
C6760,179
C6762,1
C6776,156
C6780,172
C6784,195
C6788,138
C6792,222
C6796,185
C680,3135
C6800,182
C6804,188
C6808,216
C6812,169
C6820,833
C6822,967
C6824,1481
C6826,1331
C6828,1476
C6830,1346
C6832,1632
C6834,1223
C6836,1543
C6838,1358
C684,3153
C6840,1575
C6844,1878
C6846,1656
C6848,1757
C6850,1185
C6852,1036
C6854,1136
C6856,1501
C6858,1449
C6860,1685
C6862,721
C6864,1460
C6866,1279
C6868,1162
C6872,1237
C6876,1307
C6878,1119
C688,3270
C6880,975
C6882,1184
C6884,1213
C6886,1284
C6888,1443
C6890,1431
C6892,1488
C6894,1744
C6898,1555
C6900,1517
C6902,2075
C6904,2989
C6906,1945
C6908,1434
C6910,2114
C6912,1863
C6914,2364
C6916,929
C6918,1943
C692,3323
C6920,1295
C6922,1742
C6924,1561
C6926,1015
C6928,1046
C6930,1286
C6932,1382
C6934,1472
C6936,1531
C6938,1726
C6940,1605
C6942,1611
C6944,1908
C6950,1532
C6952,2206
C6954,1574
C6956,2133
C6958,1682
C696,3396
C6960,1903
C6962,1700
C6964,2445
C6966,1267
C6972,429
C6974,1427
C6976,851
C6978,1352
C6984,383
C6986,8128
C6988,880
C6990,1198
C6992,430
C6994,1558
C6996,938
C6998,1538
C700,3160
C7002,746
C7006,846
C7008,823
C7012,9455
C7014,6915
C7016,6296
C7018,5703
C7020,5966
C7022,5604
C7024,4976
C7024a,5166
C7026,4304
C7028,3742
C7030,3879
C7032,3570
C7034,3567
C7036,3447
C7038,3447
C7040,3286
C7042,3585
C7044,2472
C7046,2902
C7048,2455
C7112,1196
C7114,1133
C7116,543
C7136,1371
C7140,1211
C7142,1235
C7148,789
C7150,947
C7152,823
C7154,907
C7156,698
C7158,687
C7160,883
C7162,737
C7164,801
C7166,850
C7168,855
C7170,879
C7174,738
C7176,912
C7178,914
C7180,834
C7182,816
C7184,790
C7186,836
C7188,906
C7190,856
C7192,699
C7194,846
C7196,694
C7198,833
C7200,988
C7202,1024
C7204,1195
C7206,1451
C7208,1113
C7210,1104
C7212,1381
C7214,1155
C7216,1220
C7218,1402
C722,4232
C7220,1094
C7222,1008
C7224,894
C7226,788
C7228,798
C7230,889
C7232,756
C7234,800
C7236,888
C7238,1171
C724,5004
C7240,1316
C7242,1423
C7244,1686
C7246,1560
C726,4930
C728,4244
C736,4979
C740,4464
C744,4602
C756,4984
C758,4929
C760,682
C762,4323
C764,4904
C766,4971
C768,4284
C7682,1182
C7684,1186
C7686,1158
C7688,1210
C7692,1263
C7694,1313
C7696,1201
C7698,1252
C7700,1158
C7702,1130
C7704,1135
C7706,1028
C7708,723
C7710,1026
C7712,885
C7714,904
C7716,925
C7718,792
C7726,612
C7728,805
C7730,990
C7732,947
C7734,925
C7734A,985
C7734B,1069
C7734C,1091
C7736,1376
C7736A,977
C7736B,1243
C7736C,1359
C7738,703
C7740,1374
C7744,1922
C7746,1994
C7752,2068
C7754,2777
C782,5667
C786,5860
C790,6062
C794,6178
C798,5665
C8004,1582
C8006,1853
C8008,1769
C8012,1776
C8014,1730
C8018,1690
C802,6093
C8022,1809
C8054,617
C8056,721
C8058,625
C806,6341
C8060,636
C8062,737
C8064,651
C810,6002
C814,5827
C818,5839
C822,5964
C824,6353
C826,6513
C828,5676
C830,5612
C9000,1323
C9004,2447
C9008,2260
C9012,2163
C9016,1984
C9020,2036
C9024,2008
C9028,1962
C9032,1906
C9036,1720
C9040,1753
C9044,2333
C9048,1666
C9052,1550
C9056,1355
C9060,1672
C9064,1404
C9068,1680
C9072,1441
C9076,1342
C9080,1499
C9084,1586
C9088,1379
C9102,3017
C9106,3380
C9110,3297
C9114,3114
C9118,3140
C9122,3057
C9126,2523
C9130,2695
C9134,2651
C9138,2558
C9142,2314
C9146,2364
C9150,2344
C9154,2219
C9158,1804
C9162,2247
C9166,2162
C9170,2047
C9174,1981
C9178,2142
C9182,1980
C9186,2172
C9190,2184
C9194,2136
C9198,2191
C9202,1824
D7W,2965
D9W,4838
